Mnemonic,Chromosome,Position hg19,HGVS,# publications,# patients,gene
A24T,14,21161793,NM_001145:c.70G>A,1,0,ANG
C39W,14,21161912,NM_001145.4:c.189C>G,2,2,ANG
C446T,,,,1,0,ANG
D22G,14,21161860,NM_001145.4:c.137A>G,1,0,ANG
F-13L,14,21161759,NM_001145.4:c.36C>T,2,1,ANG
F-13S,14,21161758,NM_001145.4:c.35T>C,2,1,ANG
F100I,,,NM_001145.4:c.298T>A,2,0,ANG
G-10D,,,,2,0,ANG
G20G,14,21161855,NM_001145.4:c.132C>G,1,2,ANG
H114R,14,21162136,NM_001145.4:c.413A>G,2,0,ANG
H84R,14,21162046,NM_001145.4:c.323A>G,1,1,ANG
I46V,14,21161931,NM_001145.4:c.208A>G,6,5,ANG
K17E,14,21161973,NM_001145.4:c.250A>G�,1,2,ANG
K17I,14,21161845,NM_001145.4:c.122A>T,8,1,ANG
K40I,14,21161914,NM_001145.4:c.191A>T,2,3,ANG
K54E,14,21161955,NM_001145.4:c.232A>G,4,2,ANG
K84E,14,21161973,NM_001145.4:c.250A>G,1,0,ANG
L59P,14,21161899,NM_001145.4:c.176T>C,1,0,ANG
M-24I,14,21161726,NM_001145.4:c.3G>A,3,3,ANG
N49S,14,21161941,NM_001145.4:c.218A>G,1,0,ANG
P-4S,14,21161784,NM_001145.4:c.61C>T,3,1,ANG
P112L,14,21162130,NM_001145.4:c.407C>T,2,0,ANG
Q12L,14,21161830,NM_001145.4:c.107A>T,2,2,ANG
R121H,14,21162157,NM_001145.4:c.434G>A,3,1,ANG
R145C,14,21162156,NM_001145.4:c.433C>T,1,0,ANG
R31K,14,21161887,NM_001145.4:c.164G>A,2,1,ANG
S28N,14,21161878,NM_001145.4:c.155G>A,2,0,ANG
splicing,14,21162169,NM_001145:c.446C>T,1,0,ANG
splicing,14,21161718,NM_001145:c.-6G>A,1,0,ANG
T80S,14,21162034,NM_001145.4:c.311C>G,2,0,ANG
V103I,14,21162102,NM_001145.4:c.379G>A,1,1,ANG
V113I,14,21162132,NM_001145.4:c.409G>A,2,2,ANG
W89X,14,21162061,NM_001145:c.338G>A,1,0,ANG
Y14H,14,21161835,NM_001145.4:c.112T>C,1,0,ANG
GGGGCC hexanucleotide repeat expansion,9,-18,NM_145005 & NM_018325 :GGGGCC hexanucleotide repeat expansion,1,0,C9orf72
HREM,,,,9,108,C9orf72
A74T,16,2483010,NM_001761:c.220G>A,1,0,CCNF
E528Q,16,2503305,NM_001761:c.1582G>C,1,0,CCNF
E624K,16,2505550,NM_001761:c.1870G>A,1,0,CCNF
F604I,16,2505490,NM_001761:c.1810T>A,1,0,CCNF
G161R,16,2487264,NM_001761:c.481G>A,1,0,CCNF
H69Y,16,2482995,NM_001761:c.205C>T,1,0,CCNF
I772T,16,2506975,NM_001761:c.2315T>C,1,0,CCNF
K97R,16,2485818,NM_001761:c.290A>G,1,0,CCNF
L531R,16,2503415,NM_001761:c.1592T>C,1,0,CCNF
R344K,16,2495560,NM_001761:c.1031G>A,1,0,CCNF
R574Q,16,2505401,NM_001761:c.1721G>A,1,0,CCNF
R691Q,16,2506732,NM_001761:c.2072G>A,1,0,CCNF
S195R,16,2488115,NM_001761:c.585T>G,1,0,CCNF
S222P,16,2489423,NM_001761:c.664T>C,1,0,CCNF
S3G,16,2479489,NM_001761:c.7A>G,1,0,CCNF
S509P,16,2503248,NM_001761:c.1525T>C,1,0,CCNF
S532R,16,2503419,NM_001761:c.1596C>T,1,0,CCNF
S621G,16,2505541,NM_001761:c.1861A>G,1,0,CCNF
T181I,16,2488072,NM_001761:c.542C>T,1,0,CCNF
T543I,16,2503451,NM_001761:c.1628C>T,1,0,CCNF
V318G,16,2495482,NM_001761:c.953T>G,1,0,CCNF
V714M,16,2506800,NM_001761:c.2140G>A,1,0,CCNF
E92K,,,NM_021248.2:c.274G>A,1,0,CDH22
R533H,,,NM_021248.2:c.1598G>A,1,0,CDH22
T134M,,,NM_021248.2:c.401C>T,1,0,CDH22
V58L,21,45753117,NM_004928:c.172G>T,1,0,CFAP410
G66V,,,,1,0,CHCHD10
G75A,22,24109595,NM_213720:c.227G>C,1,0,CHCHD10
P12S,22,24110028,NM_213720:c.34C>T,1,0,CHCHD10
P23L,22,24109754,NM_213720:c.68C>T (g.877C>T),1,0,CHCHD10
P34S,,,,1,2,CHCHD10
P80L,,,,1,0,CHCHD10
P96T,22,24108438,NM_213720:c.286C>A,1,0,CHCHD10
Q108P,22,24108401,NM_213720:c.323A>C,1,0,CHCHD10
Q95H(p.Q102H),22,24108439,NM_213720 (NM_001301339):c.285G>C (c.306G>C),1,0,CHCHD10
R11G,22,24110031,NM_213720:c.31C>G,1,0,CHCHD10
R15L,,,,1,4,CHCHD10
R6G,22,24110046,NM_213720:c.16C>G,1,0,CHCHD10
S59L,,,,1,7,CHCHD10
splicing,22,24109983,NM_213720:(g.648G>A),1,0,CHCHD10
Y135H,22,24108321,NM_213720:c.403T>C,1,0,CHCHD10
Y92C,22,24108470,NM_213720 (NM_001301339):c.262-8A>G (c.275A>G),1,0,CHCHD10
E201Q,3,87302931,,1,0,CHMP2B
E45K,3,87294870,NM_014043:c.133G>A,1,0,CHMP2B
I29V,,,,2,1,CHMP2B
K40E,3,87289932,NM_014043:c.118A>G,1,0,CHMP2B
Q206H,,,,3,2,CHMP2B
Q41H,3,87289937,NM_014043:c.123G>T,1,0,CHMP2B
R22Q,,,,1,0,CHMP2B
S103C,3,87295045,,1,0,CHMP2B
T104N,,,,1,0,CHMP2B
E954V,3,1444045,NM_014461.2:c.2861A>T,1,0,CNTN6
F314V,3,1363512,NM_014461.2:c.940T>G,1,0,CNTN6
R169C,16,21279043,NM_001888.3:c.505C>T,1,1,CRYM
T280M,,,,1,0,CX3CR1
V249I,,,,1,0,CX3CR1
R199W,12,109288126,NM_001917.4:c.595C>T,1,1,DAO
R38H,12,109278895,NM_001917.4:c.113G>A,1,1,DAO
R1275W,2,212248444,NM_005235.2:c.3823C>T,1,1,ERBB4
R927Q,2,212288966,NM_005235.2:c.2780G>A,1,5,ERBB4
D48G,6,110036357,NM_014845.5:c.143A>G,1,1,FIG4
D53Y,6,110036371,NM_014845.5:c.157G>T,1,1,FIG4
I411V,6,110081546,NM_014845.5:c.1231A>G,1,0,FIG4
I902T,6,110146449,NM_014845.5:c.2705T>C,1,1,FIG4
Q403X,,,,1,1,FIG4
R183X,,,,1,1,FIG4
R23del(23-55),,,,1,1,FIG4
R388G,6,110081477,NM_014845.5:c.1162A>G,1,1,FIG4
S424del insR,,,,1,1,FIG4
Y647C,,,,1,1,FIG4
228_230delGGG,,,NM_004960.3:c.676_684del,1,1,FUS
230delG,,,NM_004960.3:c.681_684delGGC,1,1,FUS
287291delCCTACinsAT,16,31488469,NM_004960.3:c.287291delCCTACinsAT,1,1,FUS
A2A,16,31191541,NM_004960.3:c.6C>T,1,0,FUS
c.1449-1488delCTACCGGGGCCGCGGCGGGGACCGTGGAGGCTTCCGAGGG,,,NM_004960.3:c.1449-1488delCTACCGGGGCCGCGGCGGGGACCGTGGAGGCTTCCGAGGG,1,0,FUS
c.1483delC,16,31202373,NM_004960.3:c.1483delC,1,1,FUS
c.1484delG,16,31202374,NM_004960.3:c.1484delG,1,1,FUS
c.1485delA,16,31202375,NM_004960.3:c.1485delA,1,4,FUS
c.1486delG,,,,1,1,FUS
c.1527insTGGC,,,NM_004960.3:c.1527insTGGC,1,2,FUS
c.667-678delGGCGGCGGCGGC,,,NM_004960.3:c.667-678delGGCGGCGGCGGC,1,0,FUS
D502TfsX27,16,31202394,NM_004960:c.1504delG,1,0,FUS
E516V,16,31202725,NM_004960:c.1547A>T,1,0,FUS
G144_Y149del,,,NM_004960.3:c.491_495 + 1delGAGGTgc,1,1,FUS
G156E,16,31195661,NM_004960.3:c.467G>A,1,0,FUS
G168G,16,31195698,NM_004960.3:c.504A>T,1,0,FUS
G170G,16,31195704,NM_004960.3:c.510A>T,1,0,FUS
G171_174del,16,31195709,NM_004960:c.515delGAGGTGGAGGTG,1,0,FUS
G173_G174del,16,31195715,NM_004960.3:c.521_523+3delGAGGTG,3,1,FUS
G174_G175del,16,31195624 - 16,NM_004960.3:c.430_447delGGACAGCAGCAAAGCTAT,1,0,FUS
G175,,,,1,0,FUS
G187S,16,31196295,NM_004960.3:c.559G>A,1,1,FUS
G191S,16,31196307,NM_004960.3:c.571G>A,1,1,FUS
G206S,16,31196352,NM_004960:c.616G>A,1,0,FUS
G222_G223insG,,,NM_004960.3:c.666_667insGGC,1,0,FUS
G223del,,,NM_004960.3:c.667_669delGGC,1,0,FUS
G225V,16,31196410,NM_004960.3:c.674G>T,1,2,FUS
G226S,16,31196412,NM_004960.3:c.676G>A,2,0,FUS
G227_G229del,16,31196414,NM_004960:c.679_687delGGCGGCGGT,1,0,FUS
G227_G230del,16,31196415,NM_004960:c.680_691delGGCGGCGGTGGT,1,0,FUS
G228G,16,31196420,NM_004960.3:c.684C>T,2,0,FUS
G229_230del,16,31196420,NM_004960:c.685_690delGGTGGT,1,0,FUS
G230C,16,31196424,NM_004960.3:c.688G>T,1,1,FUS
G245V,16,31196470,NM_004960:c.734G>T,1,0,FUS
G399V,16,31201623,NM_004960.3:c.1196G>T,1,2,FUS
G466VfsX14,16,31202283,NM_004960:c.1394_1541del,1,0,FUS
G472VfsX57,16,31202310,NM_004960:c.1420_1421insGT,2,0,FUS
G478LfsX2,16,31202321,NM_004960:c.1432_1478del,2,0,FUS
G486PfsX30,16,31202345,NM_004960:c.1456_1457delGG,1,0,FUS
G488G,16,31202354,NM_004960.3:c.1464C>T,2,0,FUS
G492EfsX527,16,31202365,NM_004960:c.1475delG,2,0,FUS
G49G,16,31193942,NM_004960.3:c.147C>A,1,0,FUS
G503WfsX12,16,31202397,NM_004960.3:c.1507_1508delAG,1,1,FUS
G504WfsX12,16,31202398,NM_004960:c.1509_1510delAG,5,0,FUS
G507D,16,31202410,NM_004960.3:c.1520G>A,2,3,FUS
G509D,16,31202416,NM_004960:c.1526G>A,2,0,FUS
G515C,16,31202721,NM_004960.3:c.1543G>T,1,0,FUS
G515VfsX14,16,31202722,NM_004960:c.1544delG,1,0,FUS
G51G,16,31193948,NM_004960.3:c.153 C>T,1,0,FUS
G74G,16,31195210,NM_004960.3:c.222A>G,1,0,FUS
Gly228_Gly229insGly,,,NM_004960.3:c.684_685insGGC,1,1,FUS
H517D,16,31202727,NM_004960.3:c.1549C>G,1,0,FUS
H517P,16,31202728,NM_004960:c.1550A>C,2,0,FUS
H517Q,16,31202729,NM_004960.3:c.1551C>G,1,0,FUS
K510E,,,,1,0,FUS
K510M,16,31202419,NM_004960:c.1529A>T,1,0,FUS
K510R,16,31202419,NM_004960.3:c.1529A>G,1,0,FUS
M254V,16,31196496,NM_004960.3:c.760A>G,1,0,FUS
M464I,16,31202162,NM_004960.3:c.1392G>T,1,1,FUS
N159Y,16,31195669,NM_004960.3:c.475 A>T,1,0,FUS
N63S,16,31193983,NM_004960.3:c.188A>G,1,0,FUS
P18S,16,31193847,NM_004960.3:c.52C>T,1,0,FUS
P391P,16,31201600,NM_004960.3:c.1173C>A,1,0,FUS
P525L,16,31202752,NM_004960.3:c.1574C>T,12,12,FUS
Prp525_Y526insY,16,31202753,NM_004960:c.1575_1576insTAT,1,0,FUS
Q210H,,,NM_004960.3:c.630G>C,2,0,FUS
Q519E,16,31202733,NM_004960:c.1555C>G,1,0,FUS
Q519IfsX9,16,31202731,NM_004960:c.1554_1557delACAG,1,0,FUS
Q519X,16,31202733,NM_004960.3:c.1555C>T,1,0,FUS
R216C,16,31196382,NM_004960.3:c.646C>T,2,1,FUS
R234C,16,31196436,NM_004960.3:c.700C>T,1,1,FUS
R234L,16,31196437,NM_004960.3:c.701G>T,1,0,FUS
R244C,16,31196466,NM_004960.3:c.730C>T,1,0,FUS
R383C,16,31201441,NM_004960.3:c.1147C>T,1,0,FUS
R386R,16,31201450,NM_004960.3:c.1156C>A,1,0,FUS
R487C,,,,1,0,FUS
R495X,16,31202373,NM_004960.3:c.1483C>T,6,6,FUS
R498AfsX32,16,31202378,NM_004960:c.1489_1490dup,1,0,FUS
R502fsX15,,,NM_004960.3:c.1506dupA,1,0,FUS
R514G,16,31202430,NM_004960.3:c.1540A>G,1,0,FUS
R514R,16,31202430,NM_004960.3:c.1540A>C,2,0,FUS
R514S,16,31202720,NM_004960.3:c.1542G>T,3,6,FUS
R518G,16,31202730,NM_004960:c.1552A>G,1,0,FUS
R518K,16,31202731,NM_004960.3:c.1553G>A,1,0,FUS
R521C,16,31202739,NM_004960.3:c.1561C>T,12,6,FUS
R521G,16,31202739,NM_004960.3:c.1561C>G,3,0,FUS
R521H,16,31202740,NM_004960.3:c.1562G>A,13,33,FUS
R521L,16,31202740,NM_004960.3:c.1562G>T,3,3,FUS
R521S,16,31202739,NM_004960.3:c.1561C>A,1,0,FUS
R522G,16,31202742,NM_004960.3:c.1564A>G,1,0,FUS
R522R,16,31202744,NM_004960.3:c.1566G>A,2,0,FUS
R524G,16,31202748,NM_004960:c.1570A>G,1,0,FUS
R524M,,,,1,2,FUS
R524S,16,31202750,NM_004960.3:c.1572G>C,2,2,FUS
R524T,16,31202749,NM_004960.3:c.1571G>C,1,0,FUS
R524W,16,31202748,NM_004960.3:c.1570A>T,1,3,FUS
S115N,,,,1,0,FUS
S142N,,,,1,0,FUS
S236G,16,31196442,NM_004960:c.706A>G,1,0,FUS
S402_P411delinsGGGG,16,31201630,NM_004960:c.1204_1232delinsGGAGGTGGAGG,1,0,FUS
S439S,16,31201374,NM_004960.2:c.1080C>T,1,0,FUS
S462F,,,NM_004960.3:c.1385G>C,1,0,FUS
S513P,16,31202427,NM_004960:c.1537T>C,2,0,FUS
S57delTCT,16,31101465,NM_004960.3:c.169_171delTCT,1,1,FUS
splicing,16,31202891,NM_004960:c.*132C>A,1,0,FUS
splicing,16,31201197,NM_004960:c.1066+82C>G,1,0,FUS
splicing,16,31202863,NM_004960:c.*105dup,1,0,FUS
splicing,16,31202780,NM_004960:c.*21C>T,2,0,FUS
splicing,16,31202718,NM_004960:c.1542-2A>C,1,0,FUS
splicing,16,31202869,NM_004960:c.*110G>A,1,0,FUS
splicing,16,31202818,NM_004960:c.*59G>A,1,0,FUS
splicing,16,31200415,NM_004960:c.833-29C>T,1,0,FUS
splicing,16,31202949,NM_004960:c.*190C>A,1,0,FUS
splicing,16,31202282,NM_004960:c.1394-2delA,2,0,FUS
splicing,16,31202769,NM_004960:c.*10C>T,1,0,FUS
splicing,16,31202807,NM_004960:c.*48G>A,1,0,FUS
splicing,16,31199714,NM_004960:c.832+36A>G,1,0,FUS
splicing,16,31202773,NM_004960:c.*14C>T,1,0,FUS
splicing,16,31201591,NM_004960:c.1169-5A>G,1,0,FUS
splicing,16,31202867,NM_004960:c.*108C>T,1,0,FUS
splicing,16,31202800,NM_004960:c.*41G>A,1,0,FUS
splicing,16,31191534,NM_004960:c.-2A>T,1,0,FUS
X527YextX,16,31202759,NM_004960.3:c.1581delA,1,1,FUS
Y526C,16,31202755,NM_004960:c.1577A>G,2,0,FUS
Y91Y,16,31195261,NM_004960.3:c.273C>T,1,0,FUS
Y97Y,16,31195279,NM_004960.3:c.291C>T,1,0,FUS
c.1965-2A>C,,,,1,0,GLE1
R697C,,,,1,0,GLE1
S70X,,,,1,1,GLE1
D262N/D314N,,,,1,0,HNRNPA1
D314N,12,54677628,NM_031157.2:c.940G>A,1,0,HNRNPA1
G359S,12,54678053,NM_031157:c.1075G>A,1,0,HNRNPA1
N319S,12,54283860,NM_031157.2:c.956A>G,1,0,HNRNPA1
P340S,12,54677706,NM_031157:c.1018C>T,1,0,HNRNPA1
D996AfsX52,12,57975730,NM_004984:c.2987delA,1,0,KIF5A
E413G,12,57963890,NM_004984:c.1238A>G,1,0,KIF5A
E755K,12,57970608,NM_004984:c.2263G>A,1,0,KIF5A
N997MfsX51,12,57975732,NM_004984:c.2989delA,1,0,KIF5A
N999MfsX49,12,57976414,NM_004984:c.3020+2T>C,1,0,KIF5A
N999MfsX49,12,57976388,NM_004984:c.2996delA,1,0,KIF5A
P986L,12,57975700,NM_004984:c.2957C>T,2,0,KIF5A
Q474H,12,57965903,NM_004984:c.1422A>T,1,0,KIF5A
R1007G,12,57976411,NM_004984:c.3019A>G,2,0,KIF5A
R1007K,12,57976412,NM_004984:c.3020G>A,1,0,KIF5A
S577G,12,57968879,NM_004984:c.1729A>G,1,0,KIF5A
splicing,12,57976384,NM_004984:c.2993-1G>A,2,0,KIF5A
splicing,12,57976415,NM_004984:c.3020+3A>G,1,0,KIF5A
splicing,12,57976382,NM_004984:c.2993-3C>T,1,0,KIF5A
splicing,12,57957481,NM_004984:c.291+5G>A,1,0,KIF5A
splicing,12,57976414,NM_004984:c.3020+2T>A,1,0,KIF5A
splicing,12,57976413,NM_004984:c.3020+1G>A,1,0,KIF5A
A436V,5,126156748,NM_005573.3:c.436C>T,1,0,LMNB1
A463V,5,126156748,,0,0,LMNB1
E399A,4,170482701,NM_001199397:c.1196A>C,1,0,NEK1
G478A,4,170477000,NM_001199397:c.1433G>C,1,0,NEK1
K1229R,4,170321700,NM_001199397:c.3686A>G,1,0,NEK1
L586P,4,170429475,NM_001199397:c.1757T>C,1,0,NEK1
L854YfsX2,4,170384421,NM_001199397:c.2560delC,1,0,NEK1
M545T,4,170458991,NM_001199397:c.1634T>C,2,0,NEK1
N181S,4,170509809,NM_001199397:c.542A>G,1,0,NEK1
P287A,4,170502002,NM_001199397:c.859C>G,1,0,NEK1
Q132R,4,170511878,NM_001199397:c.395A>G,1,0,NEK1
R261H,4,170506525,NM_001199397:c.782G>A,2,0,NEK1
R484G,4,170476984,NM_001199397:c.1449C>G,1,0,NEK1
R643G,4,170428268,NM_001199397:c.1927C>G,1,0,NEK1
R738X,4,170398497,NM_001199397:c.2212C>T,1,0,NEK1
R812X,4,170398275,NM_001199397:c.2434A>T,1,0,NEK1
S1001Y,4,170345924,NM_001199397:c.3002C>A,1,0,NEK1
S1036X,4,170345819,NM_001199397:c.3107C>G,1,0,NEK1
S14SfsX45,4,170523740,NM_001199397:c.42_42delA,1,0,NEK1
splicing,4,170359412,NM_001199397:c.2588-2A>G,1,0,NEK1
W788X,4,170398346,NM_001199397:c.2363G>A,1,0,NEK1
Y871VfsX17,4,170359388,NM_001199397:c.2609insA,1,0,NEK1
A86G,,,,1,0,NIPA1
I120M,,,,1,0,NIPA1
I81T,,,,1,0,NIPA1
M189I,,,,1,0,NIPA1
P221L,,,,1,0,NIPA1
R281Q,,,,1,0,NIPA1
V162M,,,,1,0,NIPA1
1242+1G>A_insA,,,,1,0,OPTN
691_692insAG,10,13160952 - 10,NM_021980.4:c.691_692insAG,1,0,OPTN
A134A,,,,2,1,OPTN
A136V,10,13154490,NM_00108211:c.407C>T,1,0,OPTN
A481V,10,13174107,NM_021980.4:c.1442C>T,1,0,OPTN
A93P,10,13152384,NM_021980.4:c.277G>C,1,0,OPTN
c.1401+4A/G,10,13169907,NM_021980.4:c.1401+4A>G,1,1,OPTN
c.552+1delG,10,13154636,NM_021980.4:c.552+1delG,1,1,OPTN
c.553-5C>T,10,13158262,NM_021980.4:c.553-5C>T,1,0,OPTN
del P359,,,,1,3,OPTN
delExon5,,,,1,2,OPTN
E135X,10,13154486,NM_001008213:c.403G>T,1,0,OPTN
E163E,10,13154572,NM_021980.4:c.799A>G,1,0,OPTN
E322K,10,13166076,NM_021980.4:c.964G>A,1,0,OPTN
E478G,10,13174098,NM_021980.4:c.1433A>G,2,3,OPTN
E516Q,10,13175515,NM_00108211:c.1546G>C,1,0,OPTN
G159V,10,13154559,NM_021980.4:c.476G>T,1,1,OPTN
G172G,,,,1,0,OPTN
G23X,10,13151189,NM_021980.4:c.67G>T,1,1,OPTN
H3Y,10,13151129,NM_001008213:c.7C>T,1,0,OPTN
I451T,10,13169854,NM_00108211:c.1352T>C,1,0,OPTN
K316E,10,13166076,NM_021980.4:c.964G>A,1,0,OPTN
K395R,10,13167981,NM_00108211:c.1184A>G,1,0,OPTN
K440Nfs*8,,,,1,0,OPTN
K489E,10,13174130,NM_001008213:c.1465A>G,1,0,OPTN
K557T,10,13178802,NM_021980.4:c.1670A>C,1,1,OPTN
K59N,10,13152284,NM_021980.4:c.177G>C,1,0,OPTN
L100L,,,,1,0,OPTN
L164L,,,,1,0,OPTN
L369L,10,13167526,NM_021980.4:c.1107T>C,1,0,OPTN
L41L,10,13151245,NM_021980.4:c.433G>A,1,0,OPTN
L430RfsX16,10,13169790,NM_001008211:c.1289_1290del,1,0,OPTN
L494W,10,13174146,NM_001008213:c.1481T>G,1,0,OPTN
L500P,10,13174164,NM_001008213:c.1499T>C,2,0,OPTN
L568L,10,13178836,NM_001008211.1:c.1704A>G,1,0,OPTN
L568S,10,13178835,NM_001008213:c.1703T>C,1,0,OPTN
M468R,10,13174068,NM_001008213:c.1403T>G,1,0,OPTN
M98K,10,13152400,NM_021980.4:c.603T>A,1,0,OPTN
M98K/G291fs,,,,1,2,OPTN
P16A,10,13151168,NM_001008213:c.46C>G,1,0,OPTN
P286P,10,13164481,NM_021980.4:c.876G>A,1,0,OPTN
Q165X,10,13154576,NM_021980.4:c.493C>T,2,3,OPTN
Q235X,10,13160964,NM_001008213:c.703C>T,1,0,OPTN
Q314L,10,13166053,NM_021980.4:c.941A>T,1,1,OPTN
Q398E,10,13167989,NM_001008213:c.1192C>G,1,0,OPTN
Q398X,10,13167989,NM_021980.4:c.1192C>T,1,2,OPTN
Q454E,10,13169862,NM_021980.4:c.1360C>G,1,1,OPTN
R149R,,,,1,0,OPTN
R271C,10,13164416,NM_021980.4:c.811C>T,1,0,OPTN
R545Q,10,13178766,NM_001008213:c.1634G>A,1,0,OPTN
R96L,10,13152394,NM_021980.4:c.287G>T,1,0,OPTN
S218S,10,13160915,NM_021980.4:c.654T>C,1,0,OPTN
S262X,10,13164390,NM_001008211:c.785C>A,1,0,OPTN
S321S,10,13166075,NM_021980.4:c.963C>T,1,0,OPTN
T282P,10,13164449,NM_021980.4:c.844A>C,1,1,OPTN
T34T,10,13151224,NM_021980.4:c.412G>A,1,0,OPTN
V161M,10,13154564,NM_001008213:c.481G>A,1,0,OPTN
V295F,10,13165995,NM_001008211:c.883G>T,1,0,OPTN
A20T,,,,1,0,PFN1
C71G,17,4850037,NM_005022.3:c.211T>G,1,1,PFN1
E117G,17,4849268,,8,6,PFN1
E139L,,,,1,0,PFN1
G118V,17,4849265,NM_005022.3:c.353G>T,1,1,PFN1
G15G,,,,1,0,PFN1
L112L,17,4849284,,2,1,PFN1
L88L,,,,1,2,PFN1
M114T,17,4849277,NM_005022.3:c.341T>C,1,0,PFN1
Q139L,,,,1,0,PFN1
R136W,,,,1,1,PFN1
T109M,,,,1,0,PFN1
T16T,17,4851622,,1,0,PFN1
A140A,21,33040849,NM_000454.4:c.423T>A,3,1,SOD1
A140G,21,33040848,NM_000454.4:c.422C>G,2,3,SOD1
A145G,21,33040863,NM_000454.4:c.437C>G,1,4,SOD1
A145T,21,33040862,NM_000454.4:c.436G>A,1,0,SOD1
A152P,,,,0,0,SOD1
A4F,21,33032095 - 21,NM_000454.4:c.13_14delinsTT,1,2,SOD1
A4P,,,,0,0,SOD1
A4S,21,33032095,NM_000454.4:c.13G>T,2,1,SOD1
A4T,21,33032095,NM_000454.4:c.13G>A,6,5,SOD1
A4V,21,33032096,NM_000454.4:c.14C>T,11,8,SOD1
A89T,21,33039599,NM_000454.4:c.268G>A,1,1,SOD1
A89V,21,33039600,NM_000454.4:c.269C>T,3,3,SOD1
A95G,21,33039618,NM_000454.4:c.287C>G,0,0,SOD1
A95T,21,33039617,NM_000454.4:c.286G>A,2,0,SOD1
A95V,21,33039618,NM_000454.4:c.287C>T,0,0,SOD1
C111insG,,,,0,0,SOD1
C111Y,21,33039666,NM_000454.4:c.335G>A,3,0,SOD1
C146R,21,33040865,NM_000454.4:c.439T>C,2,2,SOD1
C146X,21,33040867,NM_000454.4:c.441T>A,1,1,SOD1
C57R,21,33038764,NM_000454.4:c.172T>C,0,0,SOD1
C6F,,,,2,9,SOD1
C6G,21,33032101,NM_000454.4:c.19T>G,2,6,SOD1
C6S,21,33032101,NM_000454.4:c.19T>A,1,14,SOD1
C6W,21,33032103,NM_000454.4:c.21C>G,1,4,SOD1
C7Y,21,33032102,NM_000454:c.20G>A,1,0,SOD1
D101G,21,33039636,NM_000454.4:c.305A>G,2,1,SOD1
D101H,21,33039635,NM_000454.4:c.304G>C,2,2,SOD1
D101N,21,33039635,NM_000454.4:c.304G>A,4,5,SOD1
D101Y,21,33039635,NM_000454.4:c.304G>T,1,1,SOD1
D109Y,21,33039659,NM_000454.4:c.328G>T,1,1,SOD1
D11A,21,33032117,NM_000454.4:c.35A>C,0,0,SOD1
D11Y,21,33032116,NM_000454.4:c.34G>T,1,1,SOD1
D124G,21,33040800,NM_000454.4:c.374A>T,1,0,SOD1
D124V,21,33040800,NM_000454.4:c.374A>T,2,0,SOD1
D125delTT,,,,1,0,SOD1
D125H,21,33040802,NM_000454.4:c.376G>C,2,2,SOD1
D76V,21,33038822,NM_000454.4:c.230A>T,2,7,SOD1
D76Y,21,33038821,NM_000454.4:c.229G>T,3,2,SOD1
D83G,21,33039582,NM_000454.4:c.251A>G,1,0,SOD1
D84N,21,33039581,NM_000454:c.250G>A,1,0,SOD1
D90A,21,33039603,NM_000454.4:c.272A>C,17,18,SOD1
D90AD96N,,,,1,4,SOD1
D90V,21,33039603,NM_000454.4:c.272A>T,1,0,SOD1
D91N,21,33039602,NM_000454:c.271G>A,1,0,SOD1
D91_K92insN,21,33039602,NM_000454:c.272_274dupACA,1,0,SOD1
D96Mfs8,,,,1,1,SOD1
D96N,21,33039620,NM_000454.4:c.289G>A,1,2,SOD1
D96V,21,33039621,NM_000454.4:c.290A>T,0,0,SOD1
E100G,21,33039633,NM_000454.4:c.302A>G,8,1,SOD1
E100K,21,33039632,NM_000454.4:c.301G>A,2,1,SOD1
E121G,,,,1,2,SOD1
E132insTT,,,,1,0,SOD1
E132K,,,,2,0,SOD1
E133delGAA,,,,2,0,SOD1
E133delGAA,21,,,0,0,SOD1
E133insTT,,,,1,0,SOD1
E133V,21,33040827,NM_000454.4:c.401A>T,1,0,SOD1
E133VfsX31,21,33040824,NM_000454:c.398insTT,2,0,SOD1
E134K,21,33040826,NM_000454:c.400G>A,1,0,SOD1
E21G,21,33032147,NM_000454.4:c.65A>G,4,15,SOD1
E21K,21,33032146,NM_000454.4:c.64G>A,1,0,SOD1
E40G,21,33036152,NM_000454.4:c.122A>G,1,0,SOD1
E41G,,,,1,1,SOD1
E49K,21,33036178,NM_000454.4:c.148G>A,1,0,SOD1
F20C,21,33032144,NM_000454.4:c.62T>G,3,10,SOD1
F21L,21,33032145,NM_000454:c.63C>G,1,0,SOD1
F45C,21,33036167,NM_000454.4:c.137T>G,1,1,SOD1
F45S,,,,1,1,SOD1
F64L,,,,1,0,SOD1
F65L,21,33038785,NM_000454:c.193T>C,1,0,SOD1
G108V,21,33039657,NM_000454.4:c.326G>T,1,3,SOD1
G10A,21,33032114,NM_000454:c.32G>C,1,0,SOD1
G10G,21,33032115,NM_000454.4:c.33C>T,1,0,SOD1
G10R,21,33032113,NM_000454.4:c.31G>C,1,2,SOD1
G10V,,,,1,10,SOD1
G114A,21,33039675,NM_000454.4:c.344G>C,2,0,SOD1
G127insTGGG,,,,2,3,SOD1
G127R,21,33040808,NM_000454.4:c.382G>C,1,1,SOD1
G12R,21,33032119,NM_000454.4:c.37G>C,4,6,SOD1
G138E,21,33040842,NM_000454.4:c.416G>A,1,1,SOD1
G141A,21,33040851,NM_000454.4:c.425G>C,1,1,SOD1
G141E,21,33040851,NM_000454.4:c.425G>A,2,3,SOD1
G141X,21,33040850,NM_000454.4:c.424G>T,1,1,SOD1
G142R,21,33040850,NM_000454:c.424G>A,1,0,SOD1
G147D,21,33040869,NM_000454.4:c.443G>A,5,0,SOD1
G147R,21,33040868,NM_000454.4:c.442G>C,1,0,SOD1
G147S,21,33040868,NM_000454.4:c.442G>A,2,1,SOD1
G148C,21,33040868,NM_000454:c.442G>T,1,0,SOD1
G16A,21,33032132,NM_000454.4:c.50G>C,2,1,SOD1
G16S,21,33032131,NM_000454.4:c.49G>A,1,1,SOD1
G27delGGACCA,,,,1,2,SOD1
G37R,21,33036142,NM_000454.4:c.112G>A,10,2,SOD1
G37V,21,33036143,NM_000454.4:c.113G>T,1,1,SOD1
G41D,21,33036155,NM_000454.4:c.125G>A,4,0,SOD1
G41S,21,33036154,NM_000454.4:c.124G>A,5,10,SOD1
G61R,21,33038776,NM_000454.4:c.184G>C,1,0,SOD1
G72C,21,33038809,NM_000454.4:c.217G>T,2,1,SOD1
G72S,21,33038809,NM_000454.4:c.217G>A,2,2,SOD1
G73D,21,33038810,NM_000454:c.218G>A,1,0,SOD1
G85R,21,33039587,NM_000454.4:c.256G>C,3,0,SOD1
G85S,21,33039587,NM_000454.4:c.256G>A,1,2,SOD1
G93A,21,33039612,NM_000454.4:c.281G>C,3,0,SOD1
G93C,21,33039611,NM_000454.4:c.280G>T,5,0,SOD1
G93D,21,33039612,NM_000454.4:c.281G>A,2,1,SOD1
G93R,21,33039611,NM_000454.4:c.280G>C,2,0,SOD1
G93S,21,33039611,NM_000454.4:c.280G>A,3,2,SOD1
G93V,21,33039612,NM_000454.4:c.281G>T,3,2,SOD1
G94S,21,33039611,NM_000454:c.280G>A,5,0,SOD1
G94V,21,33039612,NM_000454:c.281G>T,5,0,SOD1
H120L,21,33040788,NM_000454.4:c.362A>T,1,0,SOD1
H43R,21,33036161,NM_000454.4:c.131A>G,3,0,SOD1
H46D,21,33036169,NM_000454.4:c.139C>G,1,0,SOD1
H46R,21,33036170,NM_000454.4:c.140A>G,9,3,SOD1
H48Q,21,33036177,NM_000454.4:c.147T>G,2,2,SOD1
H48R,21,33036176,NM_000454.4:c.146A>G,1,0,SOD1
H71Y,,,,1,2,SOD1
H80R,21,33039573,NM_000454.4:c.242A>G,1,1,SOD1
I104F,21,33039644,NM_000454.4:c.313A>T,2,3,SOD1
I112M,21,33039670,NM_000454.4:c.339C>G,2,0,SOD1
I112T,21,33039669,NM_000454.4:c.338T>C,2,1,SOD1
I113F,21,33039671,NM_000454.4:c.340A>T,3,2,SOD1
I113T,21,33039672,NM_000454.4:c.341T>C,14,6,SOD1
I149T,21,33040875,NM_000454.4:c.449T>C,5,1,SOD1
I149T,21,,,0,0,SOD1
I150V,21,33040874,NM_000454:c.448A>G,1,0,SOD1
I151S,21,33040881,NM_000454.4:c.455T>G,1,0,SOD1
I151T,21,33040881,NM_000454.4:c.455T>C,2,2,SOD1
I19del,21,33032137,NM_000454:c.56_58delTCA,1,0,SOD1
I99V,21,33039629,NM_000454.4:c.298A>G,2,1,SOD1
Ins-A-exon2,,,,1,7,SOD1
IVS3+34,,,,2,0,SOD1
IVS3+62,,,,1,0,SOD1
K129PfsX6,21,33040809,NM_000454:c.383_384insACCC,1,0,SOD1
K129WfsX6,21,33040810,NM_000454:c.384_385insTGGG,1,0,SOD1
K136X,21,,,0,0,SOD1
K137X,21,33040835,NM_000454:c.409A>T,1,0,SOD1
K3E,,,,2,10,SOD1
K92RfsX9,21,33039605,NM_000454:c.275_276delAA,1,0,SOD1
L106F,21,33039650,NM_000454.4:c.319C>T,1,7,SOD1
L106V,21,33039650,NM_000454.4:c.319C>G,5,12,SOD1
L117V,21,33039683,NM_000454.4:c.352C>G,1,0,SOD1
L126delTT stop at 131,,,,2,0,SOD1
L126S,21,33040806,NM_000454.4:c.380T>C,5,9,SOD1
L126Z,21,33040806,NM_000454.4:c.380T>A,1,1,SOD1
L127X,21,33040806,NM_000454:c.380T>A,3,0,SOD1
L144F,21,33040861,NM_000454.4:c.435G>C,6,45,SOD1
L144S,21,33040860,NM_000454.4:c.434T>C,2,3,SOD1
L38R,21,33036146,NM_000454.4:c.116T>G,2,0,SOD1
L38V,21,33036145,NM_000454.4:c.115C>G,3,0,SOD1
L67P,21,33038795,NM_000454.4:c.203T>C,1,2,SOD1
L67R,21,33038795,NM_000454.4:c.203T>G,1,0,SOD1
L84F,21,33039586,NM_000454.4:c.255G>C,9,5,SOD1
L84F,21,21:31667273,NM_000454.4:c.255G>T,0,2,SOD1
L84V,21,33039584,NM_000454.4:c.253T>G,5,1,SOD1
L8Q,21,33032108,NM_000454.4:c.26T>A,2,7,SOD1
L8V,21,33032107,NM_000454.4:c.25C>G,1,1,SOD1
N139D,21,33040844,NM_000454.4:c.418A>G,2,0,SOD1
N139H,21,33040844,NM_000454.4:c.418A>C,2,3,SOD1
N139K,21,33040846,NM_000454.4:c.420C>A,2,0,SOD1
N139N,21,33040846,NM_000454.4:c.420C>T,1,0,SOD1
N19S,21,33032141,NM_000454.4:c.59A>G,2,1,SOD1
N65S,21,33038789,NM_000454.4:c.197A>G,3,5,SOD1
N86D,21,33039590,NM_000454.4:c.259A>G,1,0,SOD1
N86I,21,33039591,NM_000454.4:c.260A>T,1,0,SOD1
N86K,21,33039592,NM_000454.4:c.261T>A,1,1,SOD1
N86S,21,33039591,NM_000454.4:c.260A>G,11,3,SOD1
P66A,21,33038791,NM_000454.4:c.199C>G,0,0,SOD1
P66R,21,33038792,NM_000454.4:c.200C>G,1,0,SOD1
P66S,21,33038791,NM_000454.4:c.199C>T,1,1,SOD1
Q153Q,21,33040888,NM_000454.4:c.462A>G,1,0,SOD1
Q22H,21,33032151,NM_000454:c.69G>C,1,0,SOD1
Q22L,21,33032150,NM_000454.4:c.68A>T,1,0,SOD1
Q22R,21,33032150,NM_000454.4:c.68A>G,1,1,SOD1
R115C,21,33039677,NM_000454.4:c.346C>T,1,0,SOD1
R115G,21,33039677,NM_000454.4:c.346C>G,4,0,SOD1
S105del SL,,,,1,2,SOD1
S105L,21,33039648,NM_000454.4:c.317C>T,3,0,SOD1
S108LfsX15,21,33039651,NM_000454:c.320_321insT,1,0,SOD1
S134N,21,33040830,NM_000454.4:c.404G>A,3,3,SOD1
S134T,21,33040830,NM_000454.4:c.404G>C,1,1,SOD1
S59I,21,33038771,NM_000454.4:c.179G>T,1,0,SOD1
S59S,21,33038772,NM_000454.4:c.180T>C,2,0,SOD1
splicing,21,33039564,NM_000454:c.240-7T>G,1,0,SOD1
splicing,21,33040774,NM_000454:c.358-10A>G,1,0,SOD1
splicing,21,33040773,NM_000454:c.358-11A>G,1,0,SOD1
splicing,21,33040480,NM_000454:c.358-304C>G,1,0,SOD1
t - a 108 bp before Exon 2,,,,1,2,SOD1
t - g 10 bp before Exon 5,,,,1,0,SOD1
T116R,21,33039681,NM_000454.4:c.350C>G,0,0,SOD1
T116T,21,33039682,NM_000454.4:c.351A>G,1,0,SOD1
T137A,21,33040838,NM_000454.4:c.412A>G,3,3,SOD1
T137R,21,33040839,NM_000454.4:c.413C>G,1,2,SOD1
T54R,21,33036194,NM_000454.4:c.164C>G,1,0,SOD1
T88delTAD,,,,1,0,SOD1
V118insAAAAC,,,,1,0,SOD1
V118L,21,33039686,NM_000454.4:c.355G>C,3,1,SOD1
V118L,21,21:33039686,NM_000454.4:c.355G>T,0,0,SOD1
V118M,21,33039686,NM_000454.4:c.355G>A,1,0,SOD1
V120F,21,33040784,NM_000454:c.358G>T,1,0,SOD1
V148G,21,33040872,NM_000454.4:c.446T>G,2,1,SOD1
V148I,21,33040871,NM_000454.4:c.445G>A,2,0,SOD1
V149A,21,33040872,NM_000454:c.446T>C,1,0,SOD1
V14G,21,33032126,NM_000454.4:c.44T>G,2,1,SOD1
V14M,21,33032125,NM_000454.4:c.43G>A,2,0,SOD1
V29A,21,33036119,NM_000454.4:c.89T>C,1,0,SOD1
V29insA,,,,1,0,SOD1
V30M,21,33036118,NM_000454:c.88insA,2,0,SOD1
V31A,,,NM_000454.4:c.95T>C,1,1,SOD1
V47A,21,33036173,NM_000454.4:c.143T>C,3,0,SOD1
V47F,21,33036172,NM_000454.4:c.142G>T,1,0,SOD1
V5L,21,33032098,NM_000454.4:c.16G>T,1,0,SOD1
V7E,21,33032105,NM_000454.4:c.23T>A,1,1,SOD1
V87A,21,33039594,NM_000454.4:c.263T>C,1,0,SOD1
V87M,21,33039593,NM_000454.4:c.262G>A,1,0,SOD1
V94A,21,33039615,NM_000454.4:c.284T>C,1,0,SOD1
V97L,21,33039623,NM_000454.4:c.292G>C,1,0,SOD1
V97M,21,33039623,NM_000454.4:c.292G>A,2,0,SOD1
A33V,5,179248034,NM_003900.4:c.98C>T,2,3,SQSTM1
A53T,,,,1,0,SQSTM1
c.714-716delGAA,,,,1,1,SQSTM1
D337E,5,179260628,NM_003900:c.1011C>G,1,0,SQSTM1
E274D,,,,1,2,SQSTM1
E372D,5,179260733,NM_003900:c.1116G>C,1,0,SQSTM1
E81K,5,179249993,NM_003900:c.241G>A,1,0,SQSTM1
g.3'+7G>C,,,,1,0,SQSTM1
g.5'-37C>T,,,,1,0,SQSTM1
G155K,5,179251019,NM_003900:c.463G>A,1,0,SQSTM1
G262R,5,179260061,NM_003900:c.784G>A/C,1,0,SQSTM1
G297S,5,179260166,NM_003900:c.889G>A,1,0,SQSTM1
G411S,5,179263501,NM_003900.4:c.1231G>A,1,1,SQSTM1
G425R,5,179263543,NM_003900.4:c.1273G>A,1,1,SQSTM1
H261H,5,179260060,NM_003900.4:c.783C>T,1,0,SQSTM1
I99L,5,179250047,NM_003900:c.295A>C,1,0,SQSTM1
K102E,5,179250860,NM_003900:c.304A>G,1,0,SQSTM1
K238E,5,179252184,NM_003900:c.712A>G,2,0,SQSTM1
L341V,5,179260638,NM_003900:c.1021C>G,1,0,SQSTM1
L48P,5,179248079,NM_003900:c.143T>C,1,0,SQSTM1
M87V,5,179250011,NM_003900:c.259A>G,1,0,SQSTM1
N239K,5,179252189,NM_003900:c.717C>A,1,0,SQSTM1
P228L,5,179252155,NM_003900.4:c.683C>T,1,1,SQSTM1
P348L,5,179260660,NM_003900:c.1043C>T,1,0,SQSTM1
P388S,5,179260779,NM_003900:c.1162C>T,1,0,SQSTM1
P392L,5,179263445,NM_003900.4:c.1175C>T,1,2,SQSTM1
P438L,5,179263583,NM_003900:c.1313C>T,2,0,SQSTM1
P439L,,,,1,0,SQSTM1
Q115L,5,179250900,NM_003900:c.344A>T,1,0,SQSTM1
R321C,5,179260238,NM_003900.4:c.961C>T,1,1,SQSTM1
S243C,5,179252199,NM_003900:c.727A>T,1,0,SQSTM1
S275N,5,179260101,NM_003900:c.824G>A,1,0,SQSTM1
S318P,,,,1,1,SQSTM1
S370P,,,,1,1,SQSTM1
splicing,5,179263419,NM_003900:c.1166-14_1166-11del,1,0,SQSTM1
splicing,5,179260783,NM_003900:c.1165+1G>A,1,0,SQSTM1
splicing,5,179260549,NM_003900:c.969-39G>A,1,0,SQSTM1
splicing,5,179247888,NM_003900:c.-49G>C,1,0,SQSTM1
V153I,5,179251013,NM_003900.4:c.457G>A,1,2,SQSTM1
V234V,5,179252174,NM_003900.4:c.702G>A,1,0,SQSTM1
V90M,5,179250020,NM_003900:c.268G>A,1,0,SQSTM1
A264T,,,,1,1,SS18L1
I123M,,,,1,0,SS18L1
Q222_S224del,,,,1,2,SS18L1
A315A,,,,1,0,TARDBP
A315E,1,11082410,NM_007375:c.944C>A,1,0,TARDBP
A315T,1,11082409,NM_007375.3:c.943G>A,3,5,TARDBP
A321G,1,11082428,NM_007375.3:c.962C>G,1,2,TARDBP
A321V,1,11082428,NM_007375.3:c.962C>T,1,1,TARDBP
A366A,1,11082564,NM_007375.3:c.1098C>G,2,0,TARDBP
A382P,1,11082610,NM_007375.3:c.1144G>C,1,1,TARDBP
A382T,1,11082610,NM_007375.3:c.1144G>A,5,19,TARDBP
A66A,1,11073982,NM_007375.3:c.198T>C,3,2,TARDBP
A90V,1,11076931,NM_007375.3:c.269C>T,5,0,TARDBP
c.-12-54G>A,1,11073719,NM_007375.3:c.-12-54G>A,1,0,TARDBP
c.-66G>T,1,11072747,NM_007375.3:c.-66G>T,1,0,TARDBP
c.-69C>T,1,11072744,NM_007375.3:c.-69C>T,1,0,TARDBP
c.312C>T,1,11076974,NM_007375.3:c.312C>T,1,0,TARDBP
c.403-80G>A,1,11078710,NM_007375.3:c.403-80G>A,1,0,TARDBP
c.411A>G,,,NM_007375.3:c.411A>G,1,0,TARDBP
c.543+112C>A,1,11079042,NM_007375.3:c.543+112C>A,1,0,TARDBP
c.81G>A,1,11073865,NM_007375.3:c.81G>A,1,0,TARDBP
D169G,1,11078893,NM_007375.3:c.506A>G,1,1,TARDBP
D65E,,,,1,0,TARDBP
G287S,1,11082325,NM_007375.3:c.859G>A,3,4,TARDBP
G290A,1,11082335,NM_007375.3:c.869G>C,1,2,TARDBP
G294A,1,11082347,NM_007375.3:c.881G>C,1,1,TARDBP
G294V,1,11082347,NM_007375.3:c.881G>T,4,7,TARDBP
G295C,1,11082349,NM_007375:c.883G>T,1,0,TARDBP
G295R,1,11082349,NM_007375.3:c.883G>C,1,1,TARDBP
G295S,1,11082349,NM_007375.3:c.883G>A,4,6,TARDBP
G298S,1,11082358,NM_007375.3:c.892G>A,1,3,TARDBP
G335D,1,11082470,NM_007375.3:c.1004G>A,1,1,TARDBP
G348C,1,11082508,NM_007375.3:c.1042G>T,5,8,TARDBP
G348V,1,11082509,NM_007375.3:c.1043G>T,1,3,TARDBP
G357R,1,11082535,NM_007375:c.1069G>C,1,0,TARDBP
G357S,1,11082535,NM_007375:c.1069G>A,2,0,TARDBP
G368S,1,11082568,NM_007375:c.1102G>A,2,0,TARDBP
G376D,,,c.1127G/A,1,1,TARDBP
G384R,1,11082616,NM_007375.3:c.1150G>C,1,0,TARDBP
G40G,1,11073904,NM_007375.3:c.120G>A,1,0,TARDBP
I383T,,,,1,0,TARDBP
I383V,1,11082613,NM_007375.3:c.1147A>G,2,3,TARDBP
M311V,1,11082397,NM_007375.3:c.931A>G,1,1,TARDBP
M337V,1,11082475,NM_007375.3:c.1009A>G,5,9,TARDBP
M359V,,,,1,1,TARDBP
N267S,1,11082266,NM_007375.3:c.800A>G,1,1,TARDBP
N345K,1,11082501,NM_007375.3:c.1035C>A,1,1,TARDBP
N352N,,,,1,0,TARDBP
N352S,1,11082521,NM_007375.3:c.1055A>G,3,3,TARDBP
N352T,1,11082521,NM_007375:c.1055A>C,1,0,TARDBP
N378D,1,11082598,NM_007375.3:c.1132A>G,1,0,TARDBP
N378S,1,11082599,NM_007375:c.1133A>G,1,0,TARDBP
N378_A382del,1,11082597,NM_007375:c.1132_1146del15,1,0,TARDBP
N390D,1,11082634,NM_007375.3:c.1168A>G,1,1,TARDBP
N390S,1,11082635,NM_007375.3:c.1169A>G,1,1,TARDBP
P225P,,,,1,0,TARDBP
P363A,1,11082553,NM_007375.3:c.1087C>G,1,1,TARDBP
Q303H,1,11082375,NM_007375:c.909A>C,1,0,TARDBP
Q331K,1,11082457,NM_007375.3:c.991C>A,1,1,TARDBP
Q343R,1,11082494,NM_007375.3:c.1028A>G,1,3,TARDBP
R361S,1,11082549,NM_007375.3:c.1083G>T,1,1,TARDBP
R361T,1,11082548,NM_007375:c.1082G>C,1,0,TARDBP
S292N,1,11082341,NM_007375.3:c.875G>A,2,5,TARDBP
S317T,1,11082416,NM_007375:c.950G>C,1,0,TARDBP
S332N,1,11082461,NM_007375.3:c.995G>A,1,1,TARDBP
S375G,1,11082589,NM_007375:c.1123A>G,1,0,TARDBP
S379C,1,11082602,NM_007375.3:c.1136C>G,1,1,TARDBP
S379P,1,11082601,NM_007375.3:c.1135T>C,1,1,TARDBP
S387delinsTNP,1,11082623,NM_007375:c.1158_1159delATinsCACCAACC,1,0,TARDBP
S393L,1,11082644,NM_007375.3:c.1178C>T,1,4,TARDBP
W385G,1,11082619,NM_007375.3:c.1153T>G,1,0,TARDBP
Y374X,1,11082588,NM_007375.3:c.1122T>A,1,1,TARDBP
690-713del,,,,1,10,TBK1
A417X,,,,1,4,TBK1
A571V,,,,1,1,TBK1
C471Y,12,64882338,NM_013254:c.1412G>A,1,0,TBK1
D118N,12,64858237,NM_013254:c.352G>A,2,0,TBK1
D167del,12,64860820,NM_013254:c.499_501delGAT,1,0,TBK1
E476K,12,64882352,NM_013254:c.1426G>A,1,0,TBK1
E643del,,,,1,2,TBK1
E96K,,,,1,2,TBK1
G217R,12,64868118,NM_013254:c.649G>A,1,0,TBK1
G26E,12,64849727,NM_013254:c.77G>A,1,0,TBK1
G272_T331del,12,64875804,NM_013254:c.992+4_992+7delAGTA,3,0,TBK1
G294D,12,64875690,NM_013254:c.881G>A,1,0,TBK1
H322R,12,64875774,NM_013254:c.965A>G,1,0,TBK1
H322Y,12,64875773,NM_013254:c.964C>T,1,0,TBK1
I207T,12,64868090,NM_013254:c.621T>C,1,0,TBK1
I305T,,,,1,1,TBK1
I334T,12,64878091,NM_013254:c.1001T>C,1,0,TBK1
I397T,12,64879235,NM_013254:c.1190T>C,1,0,TBK1
I43V,12,64854008,NM_013254:c.127A>G,1,0,TBK1
I450KfsX15,,,,1,6,TBK1
I472SfsX8,12,64882340,NM_013254:c.1414delA,1,0,TBK1
I475T,12,64882350,NM_013254:c.1424T>C,1,0,TBK1
K291E,12,64875680,NM_013254:c.871A>G,1,0,TBK1
K30_E76del,12,64854110,NM_013254:c.228+1G>A,2,0,TBK1
L59FfsX16,12,64854055,NM_013254:c.176dupT,1,0,TBK1
L62F,12,64854065,NM_013254:c.184C>T,1,0,TBK1
L654CfsX21,12,64891038,NM_013254:c.1958_1959insGT,1,0,TBK1
L688RfsX14,12,64891530,NM_013254:c.2063_2064delTT,1,0,TBK1
M559R,,,,1,1,TBK1
M598V,,,,1,1,TBK1
M623IfsX9,12,64890948,NM_013254:c.1869_1875del,1,0,TBK1
M662T,12,64891453,NM_013254:c.1985T>C,1,0,TBK1
M690IfsX4,12,64891750,NM_013254:c.2070delG,1,0,TBK1
N129D,12,64860707,NM_013254:c.385A>G,1,0,TBK1
N22H,12,64849714,NM_013254:c.64A>C,1,0,TBK1
N254KfsX4,12,64873851,NM_013254:c.762_763del,1,0,TBK1
P378_I379del,12,64878226,NM_013254:c.1137_1138delTA,1,0,TBK1
P400LfsX9,12,64879242,NM_013254:c.1197delC,1,0,TBK1
Q2X,12,64849654,NM_013254:c.4C>T,1,0,TBK1
Q565P,12,64889529,NM_013254:c.1694A>C,1,0,TBK1
Q629HfsX4,12,64890966,NM_013254:c.1887_1890del,1,0,TBK1
Q655X,12,64891431,NM_013254:c.1963C>T,1,0,TBK1
R117X,12,64858234,NM_013254:c.349C>T,1,0,TBK1
R127X,12,64860701,NM_013254:c.379C>T,1,0,TBK1
R143C,12,64860749,NM_013254:c.427C>T,1,0,TBK1
R308G,,,,1,1,TBK1
R357G,,,,1,1,TBK1
R357X,12,64878159,NM_013254:c.1069C>T,2,0,TBK1
R358C,12,64878162,NM_013254:c.1072C>T,1,0,TBK1
R358H,12,64878163,NM_013254:c.1073G>A,1,0,TBK1
R384W,12,64878240,NM_013254:c.1150C>T,2,0,TBK1
R440X,,,,1,5,TBK1
R444Q,12,64879788,NM_013254:c.1331G>A,1,0,TBK1
R444X,12,64879787,NM_013254:c.1330C>T,1,0,TBK1
R47H,,,,1,1,TBK1
S398PfsX11,12,64879236,NM_013254:c.1192delT,1,0,TBK1
S518LfsX32,12,64889291,NM_013254:c.1551_1552insTT,1,0,TBK1
splicing,12,64889473,NM_013254:c.1644965_1644-2delAATA,1,0,TBK1
splicing,12,64858248,NM_013254:c.358+5G>A,1,0,TBK1
splicing,12,64858245,NM_013254:c.358+2T>C,2,0,TBK1
splicing,12,64891426,NM_013254:c.1960-2A>G,1,0,TBK1
T156RfsX6,12,64860788,NM_013254:c.467_468delCA,1,0,TBK1
T31A,12,64853973,NM_013254:c.92A>G,1,0,TBK1
T320I,12,64875768,NM_013254:c.959C>T,1,0,TBK1
T320QfsX40,,,,1,1,TBK1
T419_G420del,12,64849706,NM_013254:c.57_58delAG,1,0,TBK1
T462KfsX3,12,64882310,NM_013254:c.1385_1388delCAGA,1,0,TBK1
T478I,12,64882359,NM_013254:c.1433C>T,1,0,TBK1
T77WfsX4,,,,1,2,TBK1
T79del,12,64858119,NM_013254:c.235_237del,3,0,TBK1
V23I,12,64849717,NM_013254:c.67G>A,1,0,TBK1
V479EfsX4,,,,1,2,TBK1
V700GfsX2,12,64891779,NM_013254:c.2099_2100del,1,0,TBK1
V97FfsX2,12,64858172,NM_013254:c.288delT,1,0,TBK1
Y105C,,,,1,1,TBK1
Y185X,,,,1,3,TBK1
Y394D,12,64878270,NM_013254:c.1180T>G,1,0,TBK1
Y424D,12,64879727,NM_013254:c.1270T>G,1,0,TBK1
Y482X,12,64883824,NM_013254:c.1446T>G,1,0,TBK1
downstream variant,5,150410835,NM_002084:c.*3144C>T,1,0,TNIP1
A383T,,,,1,1,TUBA4A
D438N,,,,1,1,TUBA4A
G43V,,,,1,1,TUBA4A
I234T,2,220115720,NM_006000:c.701T>C,1,0,TUBA4A
I42T,2,220116831,NM_006000:c.125T>C,1,0,TUBA4A
IVS2+4A>G,,,,1,1,TUBA4A
K430N,,,,1,1,TUBA4A
R215C,,,,1,1,TUBA4A
R320C,,,,1,1,TUBA4A
R320H,,,,1,1,TUBA4A
T145P,,,,1,1,TUBA4A
T349S,,,,1,1,TUBA4A
V7I,,,,1,1,TUBA4A
W407X,,,,1,1,TUBA4A
A282V,,,,1,0,UBQLN2
A283T,,,,1,1,UBQLN2
A488T,X,56591768,NM_013444:c.1462G>A,1,0,UBQLN2
D314E,,,,1,2,UBQLN2
E425R,X,56591580,NM_013444:c.1274A>G,1,0,UBQLN2
G461G,,,,1,2,UBQLN2
G502_I504del,,,,1,0,UBQLN2
I376V,X,56591432,NM_013444:c.1126A>G,1,0,UBQLN2
M392I,,,,1,2,UBQLN2
M392V,X,56591480,NM_013444:c.1174A>G,1,0,UBQLN2
M446R,,,,1,1,UBQLN2
N439I,,,,1,0,UBQLN2
P189T,,,,1,2,UBQLN2
P440L,,,,1,1,UBQLN2
P494L,X,56591787,NM_013444:c.1481C>T,1,0,UBQLN2
P497H,X,56591796,NM_013444.3:c.1490C>A,2,22,UBQLN2
P497L,,,,1,7,UBQLN2
P497S,X,56591795,NM_013444.3:c.1489C>T,1,8,UBQLN2
P500S,X,56591804,NM_013444:c.1498C>T,1,0,UBQLN2
P506A,X,56591822,NM_013444:c.1516C>G,1,0,UBQLN2
P506S,X,56591822,NM_013444.3:c.1516C>T,2,2,UBQLN2
P506T,X,56591822,NM_013444.3:c.1516C>A,1,5,UBQLN2
P509S,X,56591831,NM_013444.3:c.1525C>T,1,2,UBQLN2
P525S,X,56591879,NM_013444.3:c.1573C>T,1,5,UBQLN2
P533L,,,,1,1,UBQLN2
Q425R,,,,1,1,UBQLN2
S155N,,,,1,1,UBQLN2
S340I,,,,1,1,UBQLN2
S346C,,,,1,1,UBQLN2
S400G,,,,1,1,UBQLN2
T487I,,,,1,17,UBQLN2
T487T,,,,2,4,UBQLN2
V538L,,,,1,1,UBQLN2
A145V,20,57016000,NM_004738:c.434C>T,1,0,VAPB
P56H,20,56993375,NM_004738:c.167C>A,1,0,VAPB
P56S,20,56993374,NM_004738.4:c.166C>T,6,18,VAPB
T46I,20,56993345,NM_004738.4:c.137C>T,1,1,VAPB
V234I,20,57019259,NM_004738:c.700G>A,1,0,VAPB
c.1082 �7_8delinsTTGTGTACTGT,,,NM_007126.3:c.1082-8_1082-7insTTGTGTACTGT,1,0,VCP
c.129+47G>A,9,35068201,NM_007126.3:c.129+47G>A,1,0,VCP
c.811+3G>A,9,35018567,NM_007126.3:c.811+3G>A,1,0,VCP
D592N,9,35059720,NM_007126.3:c.1774G>A,1,1,VCP
G156C,9,35065358,NM_007126:c.466G>T,1,0,VCP
I114V,9,35066777,NM_007126:c.340A>G,1,0,VCP
I151V,9,35065373,NM_007126:c.451A>G,1,0,VCP
I27V,9,35068298,NM_007126:c.79A>G,1,0,VCP
N387T,9,35060456,NM_007126:c.1549A>C,1,0,VCP
N750S,9,35057439,NM_007126:c.2249A>G,1,0,VCP
N91Y,9,35067919,NM_007126:c.271A>T,1,0,VCP
R155C,9,35065361,NM_007126:c.463C>T,1,0,VCP
R155H,9,35065360,NM_007126.3:c.464G>A,1,1,VCP
R159C,9,35062295,NM_007126:c.864C>T,1,0,VCP
R159G,9,35065349,NM_007126.3:c.475C>G,1,2,VCP
R159H,9,35065348,NM_007126:c.476G>A,1,0,VCP
R191Q,9,35065252,NM_007126.3:c.572G>A,1,5,VCP
R487H,9,35060820,NM_007126:c.1460G>A,1,0,VCP
R662C,9,35057162,NM_007126:c.2373C>T,1,0,VCP
splicing,9,35059759,NM_007126:c.1749-14C>T,1,0,VCP
splicing,9,35072710,NM_007126:c.-360G>C,1,0,VCP
splicing,9,35072570,NM_007126:c.-221_-220insCTGCCACTGCCACTGCCG,1,0,VCP
splicing,9,35057020,NM_007126:c.2421+94C>T,1,0,VCP