sample,UNC13A_annotated,UNC13A_3prime,UNC13A_5prime,UNC13A_5prime_2,UNC13A_5prime_3,cryptic_psi,TARDBP,UNC13B,UNC13A,condition,source,cryptic_psi_full,STMN2_annotated,STMN2_cryptic,stmn_2_cryptic_psi,UNC13B_longer_intron,UNC13B_shorter_intron,normalized_unc13b_ir,UNC13A_ir,normalized_unc13a_ir,UNC13B_nmd_junction_5prime,UNC13B_annotated,UNC13B_nmd_junction_3prime,unc13b_nmd_exon_psi
control_fluorescent_2,41,0,0,0,0,0,0.942522228,1.001631502,0.983508251,control,"Klim iPSC MN 
 C/G + C/C",0,4594,5,0.001087193,0.0678114,0.0357545,0.913765365,0.0497829,1.054986184,1,64,1,0.0303030303030303
control_fluorescent_3,19,0,0,0,0,0,0.995829475,1.028779051,1.069308839,control,"Klim iPSC MN 
 C/G + C/C",0,2484,3,0.001206273,0.0804165,0.0237385,1.083620343,0.00533351,0.113026348,0,32,0,0
control_none_1,80,0,0,0,0,0,1.212114936,0.97081843,1.369411479,control,"Klim iPSC MN 
 C/G + C/C",0,4170,4,0.000958313,0.133059,0.0928431,1.792983271,0.117284,2.485451824,1,55,0,0.0178571428571429
control_none_2,22,0,0,0,0,0,0.978169927,0.925790249,0.78459096,control,"Klim iPSC MN 
 C/G + C/C",0,2749,2,0.000727008,0.0492275,0.109452,0.663345463,0.0665998,1.411365526,0,51,0,0
control_none_3,8,0,0,0,0,0,0.789163996,0.945379677,0.772516532,control,"Klim iPSC MN 
 C/G + C/C",0,1581,1,0.000632111,0.0443336,0.0568841,0.597399673,0.0208887,0.442667862,0,20,0,0
control_scramble_1,73,0,0,0,0,0,1.098416652,0.900192265,1.086480101,control,"Klim iPSC MN 
 C/G + C/C",0,6136,7,0.001139508,0.0594192,0.0543339,0.800679635,0.0644028,1.364807277,1,54,1,0.0357142857142857
control_scramble_2,73,0,0,0,0,0,1.107508292,1.067419874,1.285529737,control,"Klim iPSC MN 
 C/G + C/C",0,5416,5,0.000922339,0.0877431,0.126759,1.182347007,0.0649025,1.375396789,0,59,0,0
control_scramble_3,46,0,0,0,0,0,0.954011242,0.990534756,0.938968656,control,"Klim iPSC MN 
 C/G + C/C",0,3832,1,0.000260892,0.0985538,0.0587786,1.328022266,0.0301451,0.638827067,0,59,0,0
control_scramble_4,21,0,0,0,0,0,1.002199164,1.075939936,0.959405242,control,"Klim iPSC MN 
 C/G + C/C",0,3093,6,0.001936108,0.0696517,0.0488113,0.938563591,0.0333163,0.706030308,0,56,0,0
control_scramble_5,10,0,0,0,0,0,0.854460945,0.944782256,0.789834753,control,"Klim iPSC MN 
 C/G + C/C",0,2449,7,0.002850163,0.0557826,0.011073,0.751676088,0.0193191,0.40940531,1,17,2,0.15
control_scramble_6,21,0,0,0,0,0,1.065603143,1.148732004,0.960445452,control,"Klim iPSC MN 
 C/G + C/C",0,2306,3,0.001299264,0.0703221,0.0357143,0.947597298,0.0470955,0.998035507,0,30,0,0
TDP43_knockdown_1,76,6,4,4,0,0.11627907,0.490960171,0.658607367,0.921401871,TDP-43 KD,"Klim iPSC MN 
 C/G + C/C",0.155555555555556,3539,2268,0.390563113,0.144315,0.149549,1.944658991,0.23119,4.899317955,11,58,8,0.246753246753247
TDP43_knockdown_2,56,6,5,0,0,0.164179104,0.46244792,0.650638389,0.949272606,TDP-43 KD,"Klim iPSC MN 
 C/G + C/C",0.164179104477612,2610,1375,0.345043915,0.108455,0.158812,1.461441921,0.208968,4.428395149,3,49,2,0.0925925925925926
TDP43_knockdown_3,30,1,1,0,0,0.0625,0.324520711,0.715769924,0.948835398,TDP-43 KD,"Klim iPSC MN 
 C/G + C/C",0.0625,1265,480,0.275071633,0.176709,0.0613643,2.381171366,0.0746191,1.581308432,0,25,1,0.0384615384615385
TDP43_knockdown_4,29,0,4,0,0,0.121212121,0.370966119,0.811095031,0.844241771,TDP-43 KD,"Klim iPSC MN 
 C/G + C/C",0.121212121212121,1642,480,0.226201697,0.125419,0.0751055,1.69003351,0.0748709,1.586644512,4,35,3,0.166666666666667
TDP43_knockdown_5,17,0,0,0,0,0,0.405775725,0.845989272,0.749164058,TDP-43 KD,"Klim iPSC MN 
 C/G + C/C",0,1297,269,0.171775223,0.0819762,0.0798243,1.104637456,0.1127,2.388308896,0,19,1,0.05
TDP43_knockdown_6,16,0,0,0,0,0,0.320785569,0.795672488,0.838647082,TDP-43 KD,"Klim iPSC MN 
 C/G + C/C",0,1120,344,0.234972678,0.0967302,0.0937743,1.303449074,0.0791934,1.6782458,0,29,0,0
CTR07,10,0,0,0,0,0,1.128551521,0.893462505,0.707880841,control,"SH-SY5Y 
 C/C",0,3706,238,0.060344828,0.563339,0.561964,1.383635765,0.623214,1.156761265,0,20,0,0
CTR08,43,0,0,0,0,0,0.967164421,1.261753211,1.160508936,control,"SH-SY5Y 
 C/C",0,5400,135,0.024390244,0.210827,0.233357,0.517819248,0.380636,0.706506883,0,64,0,0
TDP06,103,51,49,4,0,0.492610837,0.211516247,0.803546402,0.738461224,TDP-43 KD,"SK-N-DZ 
 C/G",0.502415458937198,2996,1843,0.380863815,0.218615,0.154157,1.718768672,0.403203,1.768229985,3,121,3,0.047244094488189
TDP43-G_S7,27,32,26,6,2,0.682352941,0.365142833,0.621264327,0.86935041,TDP-43 KD,"iPSC Neurons 
 C/G",0.709677419354839,2729,2923,0.517162067,0.416095,0.260094,2.1191171,0.423124,3.974808228,40,60,32,0.545454545454545
TDP43-F_S6,36,57,42,6,0,0.733333333,0.339072803,0.622201737,0.878762344,TDP-43 KD,"iPSC Neurons 
 C/G",0.74468085106383,3183,3307,0.509553159,0.324524,0.219251,1.652758043,0.525928,4.940544478,25,62,22,0.431192660550459
TDP43-E_S5,38,6,33,10,0,0.506493506,0.374528909,0.517913613,0.772873748,TDP-43 KD,"iPSC Neurons 
 C/G",0.563218390804598,2477,2471,0.499393694,0.364701,0.283405,1.857374219,0.488383,4.587848401,18,41,25,0.511904761904762
Cont-D_S4,121,0,0,0,0,0,0.997474095,1.009140774,0.995061245,control,"iPSC Neurons 
 C/G",0,11337,0,0,0.184866,0.103701,0.94149822,0.0945957,0.888627841,4,165,9,0.0730337078651685
Cont-C_S3,117,0,0,0,0,0,1.037282544,0.963032526,1.025327125,control,"iPSC Neurons 
 C/G",0,7689,0,0,0.210336,0.17942,1.07121358,0.109859,1.03201061,7,113,3,0.0813008130081301
Cont-B_S2,144,0,0,0,0,0,0.958367176,1.034158852,0.994856297,control,"iPSC Neurons 
 C/G",0,15287,1,6.54e-05,0.185391,0.149413,0.944171976,0.107336,1.008309659,3,231,5,0.0334728033472803
CTR01,207,0,0,0,0,0,0.962298171,1.042659846,1.004878872,control,"SK-N-DZ 
 C/G",0,9687,88,0.009002558,0.0670584,0.0714851,0.527218522,0.166411,0.729788519,0,166,0,0
CTR02,147,0,0,0,0,0,1.010812568,0.919378561,0.995326573,control,"SK-N-DZ 
 C/G",0,9174,91,0.00982191,0.13681,0.150507,1.075611198,0.275557,1.208443762,0,130,0,0
TDP04,25,67,62,16,0,0.837662338,0.204962346,0.746803496,0.596826891,TDP-43 KD,"SK-N-DZ 
 C/G",0.852941176470588,1513,1926,0.560046525,0.280921,0.262972,2.208623444,0.604903,2.652776945,4,90,2,0.0625
CTR09,25,0,0,0,0,0,0.904284058,0.844784283,1.131610222,control,"SH-SY5Y 
 C/C",0,3616,137,0.03650413,0.447266,0.35215,1.098544987,0.612423,1.136731852,4,22,4,0.266666666666667
TDP05,73,72,51,4,0,0.62755102,0.174028572,0.682873428,0.621461038,TDP-43 KD,"SK-N-DZ 
 C/G",0.635,2030,2090,0.507281553,0.265428,0.249086,2.086816235,0.482437,2.115707396,6,85,4,0.105263157894737
TDP10,11,1,0,2,0,0.083333333,0.515486228,0.866989317,0.678163077,TDP-43 KD,"SH-SY5Y 
 C/C",0.214285714285714,690,3483,0.83465133,0.739002,0.661433,1.815087537,0.596581,1.107327166,2,14,0,0.125
CTR03,221,0,0,0,0,0,1.026889261,1.037961593,0.999794555,control,"SK-N-DZ 
 C/G",0,10042,118,0.011614173,0.17771,0.14755,1.39717028,0.242111,1.06176772,0,143,0,0
Cont-A_S1,96,0,0,0,0,0,1.006876185,0.993667848,0.984755334,control,"iPSC Neurons 
 C/G",0,9824,0,0,0.204819,0.108943,1.043116224,0.114015,1.071051891,2,150,1,0.0196078431372549
TDP12,22,0,2,0,0,0.083333333,0.487863862,0.806027678,1.05644579,TDP-43 KD,"SH-SY5Y 
 C/C",0.0833333333333333,804,5171,0.865439331,0.475229,0.585671,1.167225846,0.602847,1.118957627,3,17,3,0.260869565217391
TDP11,33,2,1,0,0,0.083333333,0.419800521,0.94042841,1.071062664,TDP-43 KD,"SH-SY5Y 
 C/C",0.0833333333333333,791,3173,0.800454087,0.404353,0.3769,0.993144932,0.471854,0.875818627,0,34,0,0
siLUC_1,27,0,0,0,0,0,1.171367863,0.910411613,1.022762842,control,"Appocher 
 SK-N-DZ 
 C/G",0,355,0,0,0.215933,0.101966,1.383818653,0.256069,1.271348093,0,8,0,0
siLUC_2,24,0,0,0,0,0,0.95937672,0.805582463,1.0242182,control,"Appocher 
 SK-N-DZ 
 C/G",0,394,2,0.005050505,0.196965,0.0596346,1.262261169,0.175801,0.872828285,0,16,0,0
siLUC_3,24,0,0,0,0,0,0.869255417,1.284005924,0.953018958,control,"Appocher 
 SK-N-DZ 
 C/G",0,267,5,0.018382353,0.0552262,0.0333097,0.353920178,0.172376,0.855823622,0,22,0,0
siTDP_1,28,3,3,1,0,0.176470588,0.640399119,0.739746177,0.790431888,TDP-43 KD,"Appocher 
 SK-N-DZ 
 C/G",0.2,154,33,0.176470588,0.205195,0.0471058,1.315003582,0.338593,1.681068638,0,25,0,0
siTDP_2,11,5,8,0,0,0.541666667,0.263191557,0.698602048,0.654273148,TDP-43 KD,"Appocher 
 SK-N-DZ 
 C/G",0.541666666666667,106,50,0.320512821,0.411024,0.0388952,2.634070189,0.430073,2.135254516,0,8,0,0
siTDP_3,12,1,3,0,0,0.25,0.313515788,0.76896992,0.556137791,TDP-43 KD,"Appocher 
 SK-N-DZ 
 C/G",0.25,52,45,0.463917526,0.192031,0.0997611,1.230641355,0.325163,1.614390497,0,5,0,0
