,Name,Length,EffectiveLength,TPM,NumReads,sample
103001,ENST00000619578.4,6426,7180.645,10.756291000000001,596.235,control_fluorescent_3.Aligned.sorted.out
103002,ENST00000617908.4,6432,7185.304,12.051616000000001,668.47,control_fluorescent_3.Aligned.sorted.out
103003,ENST00000396787.5,5293,5994.165,0.35265799999999997,16.317999999999998,control_fluorescent_3.Aligned.sorted.out
103004,ENST00000635942.1,14550,16152.776000000002,0.011351,1.415,control_fluorescent_3.Aligned.sorted.out
103005,ENST00000378495.7,6303,7068.669,5.480657,299.062,control_fluorescent_3.Aligned.sorted.out
103006,ENST00000634487.1,5063,5779.866999999999,0.0,0.0,control_fluorescent_3.Aligned.sorted.out
103007,ENST00000378496.8,5063,5780.853,0.0,0.0,control_fluorescent_3.Aligned.sorted.out
103008,ENST00000485086.1,568,407.0,0.0,0.0,control_fluorescent_3.Aligned.sorted.out
103009,ENST00000637271.1,5335,5967.9580000000005,0.0,0.0,control_fluorescent_3.Aligned.sorted.out
103010,ENST00000636694.1,8012,9314.605,0.062574,4.499,control_fluorescent_3.Aligned.sorted.out
103011,ENST00000481299.1,569,408.0,0.0,0.0,control_fluorescent_3.Aligned.sorted.out
103001,ENST00000619578.4,6426,8215.635,24.044677,5177.903,Cont-A_S1
103002,ENST00000617908.4,6432,8222.855,17.046789999999998,3674.1679999999997,Cont-A_S1
103003,ENST00000396787.5,5293,6933.923000000001,0.322341,58.585,Cont-A_S1
103004,ENST00000635942.1,14550,15250.668,0.009125,3.648,Cont-A_S1
103005,ENST00000378495.7,6303,8079.491999999999,1.325915,280.798,Cont-A_S1
103006,ENST00000634487.1,5063,6705.897,0.064694,11.370999999999999,Cont-A_S1
103007,ENST00000378496.8,5063,6712.887,0.0,0.0,Cont-A_S1
103008,ENST00000485086.1,568,405.0,0.0,0.0,Cont-A_S1
103009,ENST00000637271.1,5335,6656.115,0.371681,64.846,Cont-A_S1
103010,ENST00000636694.1,8012,10288.928,0.12859600000000002,34.681,Cont-A_S1
103011,ENST00000481299.1,569,406.0,0.0,0.0,Cont-A_S1
103001,ENST00000619578.4,6426,8087.786999999999,24.142152,7641.241,Cont-B_S2
103002,ENST00000617908.4,6432,8094.95,18.741504,5937.133000000001,Cont-B_S2
103003,ENST00000396787.5,5293,6815.37,0.177611,47.372,Cont-B_S2
103004,ENST00000635942.1,14550,14781.447,0.006365999999999999,3.682,Cont-B_S2
103005,ENST00000378495.7,6303,7944.714,1.5871520000000001,493.463,Cont-B_S2
103006,ENST00000634487.1,5063,6580.271,0.0,0.0,Cont-B_S2
103007,ENST00000378496.8,5063,6586.196999999999,0.142013,36.603,Cont-B_S2
103008,ENST00000485086.1,568,406.0,0.0,0.0,Cont-B_S2
103009,ENST00000637271.1,5335,6556.093000000001,0.0,0.0,Cont-B_S2
103010,ENST00000636694.1,8012,10111.311,0.214102,84.72,Cont-B_S2
103011,ENST00000481299.1,569,595.0219999999999,0.07669400000000001,1.786,Cont-B_S2
103001,ENST00000619578.4,6426,7165.960999999999,8.682935,445.05,TDP43_knockdown_6.Aligned.sorted.out
103002,ENST00000617908.4,6432,7173.717,8.738777,448.397,TDP43_knockdown_6.Aligned.sorted.out
103003,ENST00000396787.5,5293,5949.2080000000005,0.0,0.0,TDP43_knockdown_6.Aligned.sorted.out
103004,ENST00000635942.1,14550,14382.0,0.0,0.0,TDP43_knockdown_6.Aligned.sorted.out
103005,ENST00000378495.7,6303,7057.223000000001,4.440304,224.137,TDP43_knockdown_6.Aligned.sorted.out
103006,ENST00000634487.1,5063,5761.625,0.0,0.0,TDP43_knockdown_6.Aligned.sorted.out
103007,ENST00000378496.8,5063,5764.109,0.0,0.0,TDP43_knockdown_6.Aligned.sorted.out
103008,ENST00000485086.1,568,400.0,0.0,0.0,TDP43_knockdown_6.Aligned.sorted.out
103009,ENST00000637271.1,5335,5957.840999999999,0.0,0.0,TDP43_knockdown_6.Aligned.sorted.out
103010,ENST00000636694.1,8012,9355.47,0.140715,9.416,TDP43_knockdown_6.Aligned.sorted.out
103011,ENST00000481299.1,569,401.0,0.0,0.0,TDP43_knockdown_6.Aligned.sorted.out
103001,ENST00000619578.4,6426,6860.838000000001,2.298165,627.915,CTR01.Aligned.sorted.out
103002,ENST00000617908.4,6432,6861.397,0.0,0.0,CTR01.Aligned.sorted.out
103003,ENST00000396787.5,5293,5704.626,0.10359700000000001,23.535,CTR01.Aligned.sorted.out
103004,ENST00000635942.1,14550,14298.0,0.0,0.0,CTR01.Aligned.sorted.out
103005,ENST00000378495.7,6303,6742.081,14.956624,4015.78,CTR01.Aligned.sorted.out
103006,ENST00000634487.1,5063,4811.0,0.0,0.0,CTR01.Aligned.sorted.out
103007,ENST00000378496.8,5063,4811.0,0.0,0.0,CTR01.Aligned.sorted.out
103008,ENST00000485086.1,568,316.0,0.0,0.0,CTR01.Aligned.sorted.out
103009,ENST00000637271.1,5335,5612.754,0.0,0.0,CTR01.Aligned.sorted.out
103010,ENST00000636694.1,8012,8789.326,0.005056000000000001,1.77,CTR01.Aligned.sorted.out
103011,ENST00000481299.1,569,317.0,0.0,0.0,CTR01.Aligned.sorted.out
103001,ENST00000619578.4,6426,7155.904,10.846741,814.563,TDP43_knockdown_4.Aligned.sorted.out
103002,ENST00000617908.4,6432,7162.309,6.76467,508.465,TDP43_knockdown_4.Aligned.sorted.out
103003,ENST00000396787.5,5293,5945.887,0.538532,33.604,TDP43_knockdown_4.Aligned.sorted.out
103004,ENST00000635942.1,14550,16124.938,0.008295,1.4040000000000001,TDP43_knockdown_4.Aligned.sorted.out
103005,ENST00000378495.7,6303,7046.155,4.154827,307.232,TDP43_knockdown_4.Aligned.sorted.out
103006,ENST00000634487.1,5063,5753.918000000001,0.7490060000000001,45.228,TDP43_knockdown_4.Aligned.sorted.out
103007,ENST00000378496.8,5063,5755.2480000000005,0.0,0.0,TDP43_knockdown_4.Aligned.sorted.out
103008,ENST00000485086.1,568,393.0,0.0,0.0,TDP43_knockdown_4.Aligned.sorted.out
103009,ENST00000637271.1,5335,5940.093000000001,0.0,0.0,TDP43_knockdown_4.Aligned.sorted.out
103010,ENST00000636694.1,8012,9274.226,0.0,0.0,TDP43_knockdown_4.Aligned.sorted.out
103011,ENST00000481299.1,569,394.0,0.0,0.0,TDP43_knockdown_4.Aligned.sorted.out
103001,ENST00000619578.4,6426,7122.215,15.070029000000002,780.51,TDP43_knockdown_5.Aligned.sorted.out
103002,ENST00000617908.4,6432,7127.805,5.884658,305.019,TDP43_knockdown_5.Aligned.sorted.out
103003,ENST00000396787.5,5293,5931.54,0.0,0.0,TDP43_knockdown_5.Aligned.sorted.out
103004,ENST00000635942.1,14550,14388.0,0.0,0.0,TDP43_knockdown_5.Aligned.sorted.out
103005,ENST00000378495.7,6303,7006.74,3.4671489999999996,176.66,TDP43_knockdown_5.Aligned.sorted.out
103006,ENST00000634487.1,5063,5725.464,0.0,0.0,TDP43_knockdown_5.Aligned.sorted.out
103007,ENST00000378496.8,5063,5726.609,0.0,0.0,TDP43_knockdown_5.Aligned.sorted.out
103008,ENST00000485086.1,568,406.0,0.0,0.0,TDP43_knockdown_5.Aligned.sorted.out
103009,ENST00000637271.1,5335,5920.092,0.0,0.0,TDP43_knockdown_5.Aligned.sorted.out
103010,ENST00000636694.1,8012,9242.804,0.14891400000000002,10.009,TDP43_knockdown_5.Aligned.sorted.out
103011,ENST00000481299.1,569,407.0,0.0,0.0,TDP43_knockdown_5.Aligned.sorted.out
103001,ENST00000619578.4,6426,6746.1759999999995,2.21219,620.409,TDP05.Aligned.sorted.out
103002,ENST00000617908.4,6432,6750.679,0.0,0.0,TDP05.Aligned.sorted.out
103003,ENST00000396787.5,5293,5042.0,0.0,0.0,TDP05.Aligned.sorted.out
103004,ENST00000635942.1,14550,15859.803,0.0071519999999999995,4.716,TDP05.Aligned.sorted.out
103005,ENST00000378495.7,6303,6621.593000000001,8.593739,2365.606,TDP05.Aligned.sorted.out
103006,ENST00000634487.1,5063,5424.547,0.10054099999999999,22.673000000000002,TDP05.Aligned.sorted.out
103007,ENST00000378496.8,5063,5427.54,0.0,0.0,TDP05.Aligned.sorted.out
103008,ENST00000485086.1,568,317.0,0.0,0.0,TDP05.Aligned.sorted.out
103009,ENST00000637271.1,5335,5514.786,0.0,0.0,TDP05.Aligned.sorted.out
103010,ENST00000636694.1,8012,8671.376,0.021075,7.597,TDP05.Aligned.sorted.out
103011,ENST00000481299.1,569,318.0,0.0,0.0,TDP05.Aligned.sorted.out
103001,ENST00000619578.4,6426,7196.996,7.9991460000000005,1068.74,TDP43_knockdown_2.Aligned.sorted.out
103002,ENST00000617908.4,6432,7205.47,7.1933940000000005,962.217,TDP43_knockdown_2.Aligned.sorted.out
103003,ENST00000396787.5,5293,5988.3859999999995,0.27872600000000003,30.986,TDP43_knockdown_2.Aligned.sorted.out
103004,ENST00000635942.1,14550,15650.573,0.035624,10.35,TDP43_knockdown_2.Aligned.sorted.out
103005,ENST00000378495.7,6303,7081.116,3.007868,395.401,TDP43_knockdown_2.Aligned.sorted.out
103006,ENST00000634487.1,5063,5779.3,0.21625,23.201,TDP43_knockdown_2.Aligned.sorted.out
103007,ENST00000378496.8,5063,5782.169,0.0,0.0,TDP43_knockdown_2.Aligned.sorted.out
103008,ENST00000485086.1,568,400.0,0.0,0.0,TDP43_knockdown_2.Aligned.sorted.out
103009,ENST00000637271.1,5335,5969.645,0.0,0.0,TDP43_knockdown_2.Aligned.sorted.out
103010,ENST00000636694.1,8012,9313.065999999999,0.043036000000000005,7.441,TDP43_knockdown_2.Aligned.sorted.out
103011,ENST00000481299.1,569,401.0,0.0,0.0,TDP43_knockdown_2.Aligned.sorted.out
103001,ENST00000619578.4,6426,7165.983,12.552388,843.755,TDP43_knockdown_3.Aligned.sorted.out
103002,ENST00000617908.4,6432,7172.575,3.9198,263.726,TDP43_knockdown_3.Aligned.sorted.out
103003,ENST00000396787.5,5293,5920.245,0.0,0.0,TDP43_knockdown_3.Aligned.sorted.out
103004,ENST00000635942.1,14550,14377.0,0.0,0.0,TDP43_knockdown_3.Aligned.sorted.out
103005,ENST00000378495.7,6303,7056.61,4.838675,320.285,TDP43_knockdown_3.Aligned.sorted.out
103006,ENST00000634487.1,5063,5727.436,0.0,0.0,TDP43_knockdown_3.Aligned.sorted.out
103007,ENST00000378496.8,5063,5728.531999999999,0.0,0.0,TDP43_knockdown_3.Aligned.sorted.out
103008,ENST00000485086.1,568,395.0,0.0,0.0,TDP43_knockdown_3.Aligned.sorted.out
103009,ENST00000637271.1,5335,5974.964,0.0,0.0,TDP43_knockdown_3.Aligned.sorted.out
103010,ENST00000636694.1,8012,9398.268,0.05179500000000001,4.566,TDP43_knockdown_3.Aligned.sorted.out
103011,ENST00000481299.1,569,396.0,0.0,0.0,TDP43_knockdown_3.Aligned.sorted.out
103001,ENST00000619578.4,6426,7123.02,17.061435999999997,822.2639999999999,control_scramble_6.Aligned.sorted.out
103002,ENST00000617908.4,6432,7128.111,9.101828999999999,438.97,control_scramble_6.Aligned.sorted.out
103003,ENST00000396787.5,5293,5947.826,0.0,0.0,control_scramble_6.Aligned.sorted.out
103004,ENST00000635942.1,14550,14389.0,0.0,0.0,control_scramble_6.Aligned.sorted.out
103005,ENST00000378495.7,6303,7008.175,6.209582,294.441,control_scramble_6.Aligned.sorted.out
103006,ENST00000634487.1,5063,5738.357,0.0,0.0,control_scramble_6.Aligned.sorted.out
103007,ENST00000378496.8,5063,5740.629,0.0,0.0,control_scramble_6.Aligned.sorted.out
103008,ENST00000485086.1,568,407.0,0.0,0.0,control_scramble_6.Aligned.sorted.out
103009,ENST00000637271.1,5335,5908.224,0.0,0.0,control_scramble_6.Aligned.sorted.out
103010,ENST00000636694.1,8012,9227.654,0.06991900000000001,4.365,control_scramble_6.Aligned.sorted.out
103011,ENST00000481299.1,569,408.0,0.0,0.0,control_scramble_6.Aligned.sorted.out
103001,ENST00000619578.4,6426,7278.2609999999995,11.310296000000001,2182.613,TDP43_knockdown_1.Aligned.sorted.out
103002,ENST00000617908.4,6432,7284.259,5.342669,1031.855,TDP43_knockdown_1.Aligned.sorted.out
103003,ENST00000396787.5,5293,6083.88,0.118657,19.14,TDP43_knockdown_1.Aligned.sorted.out
103004,ENST00000635942.1,14550,15578.215,0.025368,10.478,TDP43_knockdown_1.Aligned.sorted.out
103005,ENST00000378495.7,6303,7159.585,2.6090310000000003,495.27,TDP43_knockdown_1.Aligned.sorted.out
103006,ENST00000634487.1,5063,5861.42,0.90581,140.77200000000002,TDP43_knockdown_1.Aligned.sorted.out
103007,ENST00000378496.8,5063,5865.286,0.094615,14.714,TDP43_knockdown_1.Aligned.sorted.out
103008,ENST00000485086.1,568,398.0,0.0,0.0,TDP43_knockdown_1.Aligned.sorted.out
103009,ENST00000637271.1,5335,6018.328,0.0,0.0,TDP43_knockdown_1.Aligned.sorted.out
103010,ENST00000636694.1,8012,9351.704,0.029523,7.32,TDP43_knockdown_1.Aligned.sorted.out
103011,ENST00000481299.1,569,399.0,0.0,0.0,TDP43_knockdown_1.Aligned.sorted.out
103001,ENST00000619578.4,6426,6345.53,0.597879,119.184,TDP12.Aligned.sorted.out
103002,ENST00000617908.4,6432,6349.632,0.0,0.0,TDP12.Aligned.sorted.out
103003,ENST00000396787.5,5293,5219.875,0.011640000000000001,1.909,TDP12.Aligned.sorted.out
103004,ENST00000635942.1,14550,14311.0,0.0,0.0,TDP12.Aligned.sorted.out
103005,ENST00000378495.7,6303,6244.8009999999995,3.282542,643.9680000000001,TDP12.Aligned.sorted.out
103006,ENST00000634487.1,5063,5057.732,0.034998,5.561,TDP12.Aligned.sorted.out
103007,ENST00000378496.8,5063,5059.55,0.0,0.0,TDP12.Aligned.sorted.out
103008,ENST00000485086.1,568,329.0,0.0,0.0,TDP12.Aligned.sorted.out
103009,ENST00000637271.1,5335,5244.298000000001,2.387741,393.37800000000004,TDP12.Aligned.sorted.out
103010,ENST00000636694.1,8012,8256.216999999999,0.0,0.0,TDP12.Aligned.sorted.out
103011,ENST00000481299.1,569,330.0,0.0,0.0,TDP12.Aligned.sorted.out
103001,ENST00000619578.4,6426,7151.618,16.033226000000003,998.387,control_scramble_4.Aligned.sorted.out
103002,ENST00000617908.4,6432,7157.393,8.540583,532.251,control_scramble_4.Aligned.sorted.out
103003,ENST00000396787.5,5293,5922.045999999999,0.0,0.0,control_scramble_4.Aligned.sorted.out
103004,ENST00000635942.1,14550,16312.544,0.009853,1.4,control_scramble_4.Aligned.sorted.out
103005,ENST00000378495.7,6303,7046.241999999999,7.494700999999999,459.81800000000004,control_scramble_4.Aligned.sorted.out
103006,ENST00000634487.1,5063,5731.416,0.0,0.0,control_scramble_4.Aligned.sorted.out
103007,ENST00000378496.8,5063,5732.849,0.0,0.0,control_scramble_4.Aligned.sorted.out
103008,ENST00000485086.1,568,394.0,0.0,0.0,control_scramble_4.Aligned.sorted.out
103009,ENST00000637271.1,5335,5958.456,0.0,0.0,control_scramble_4.Aligned.sorted.out
103010,ENST00000636694.1,8012,9339.534,0.0,0.0,control_scramble_4.Aligned.sorted.out
103011,ENST00000481299.1,569,527.826,0.0,0.0,control_scramble_4.Aligned.sorted.out
103001,ENST00000619578.4,6426,7182.505999999999,14.936561,898.1560000000001,control_scramble_5.Aligned.sorted.out
103002,ENST00000617908.4,6432,7190.2119999999995,5.844722,351.82800000000003,control_scramble_5.Aligned.sorted.out
103003,ENST00000396787.5,5293,5959.2919999999995,0.0,0.0,control_scramble_5.Aligned.sorted.out
103004,ENST00000635942.1,14550,16274.201000000001,0.010342,1.409,control_scramble_5.Aligned.sorted.out
103005,ENST00000378495.7,6303,7074.371999999999,4.710513,278.985,control_scramble_5.Aligned.sorted.out
103006,ENST00000634487.1,5063,5767.468000000001,0.30282,14.622,control_scramble_5.Aligned.sorted.out
103007,ENST00000378496.8,5063,5769.715,0.0,0.0,control_scramble_5.Aligned.sorted.out
103008,ENST00000485086.1,568,408.0,0.0,0.0,control_scramble_5.Aligned.sorted.out
103009,ENST00000637271.1,5335,5974.566,0.0,0.0,control_scramble_5.Aligned.sorted.out
103010,ENST00000636694.1,8012,9379.792,0.0,0.0,control_scramble_5.Aligned.sorted.out
103011,ENST00000481299.1,569,409.0,0.0,0.0,control_scramble_5.Aligned.sorted.out
103001,ENST00000619578.4,6426,3947.406,5.495280999999999,236.285,siTDP_1.Aligned.sorted.out
103002,ENST00000617908.4,6432,3933.945,0.0,0.0,siTDP_1.Aligned.sorted.out
103003,ENST00000396787.5,5293,2929.934,0.0,0.0,siTDP_1.Aligned.sorted.out
103004,ENST00000635942.1,14550,14128.0,0.0,0.0,siTDP_1.Aligned.sorted.out
103005,ENST00000378495.7,6303,3857.823,6.947453,291.94599999999997,siTDP_1.Aligned.sorted.out
103006,ENST00000634487.1,5063,2905.946,0.0,0.0,siTDP_1.Aligned.sorted.out
103007,ENST00000378496.8,5063,2909.718,0.0,0.0,siTDP_1.Aligned.sorted.out
103008,ENST00000485086.1,568,252.0,0.0,0.0,siTDP_1.Aligned.sorted.out
103009,ENST00000637271.1,5335,3081.8070000000002,3.000238,100.715,siTDP_1.Aligned.sorted.out
103010,ENST00000636694.1,8012,6211.172,0.0,0.0,siTDP_1.Aligned.sorted.out
103011,ENST00000481299.1,569,250.0,0.0,0.0,siTDP_1.Aligned.sorted.out
103001,ENST00000619578.4,6426,4922.485,0.0,0.0,siLUC_2.Aligned.sorted.out
103002,ENST00000617908.4,6432,4938.005999999999,0.0,0.0,siLUC_2.Aligned.sorted.out
103003,ENST00000396787.5,5293,3349.0890000000004,3.424642,121.39299999999999,siLUC_2.Aligned.sorted.out
103004,ENST00000635942.1,14550,13271.153999999999,0.009425,1.324,siLUC_2.Aligned.sorted.out
103005,ENST00000378495.7,6303,4923.827,8.938814,465.836,siLUC_2.Aligned.sorted.out
103006,ENST00000634487.1,5063,3256.702,0.0,0.0,siLUC_2.Aligned.sorted.out
103007,ENST00000378496.8,5063,3273.2990000000004,0.0,0.0,siLUC_2.Aligned.sorted.out
103008,ENST00000485086.1,568,346.939,0.0,0.0,siLUC_2.Aligned.sorted.out
103009,ENST00000637271.1,5335,3998.772,0.0,0.0,siLUC_2.Aligned.sorted.out
103010,ENST00000636694.1,8012,7594.0,0.0,0.0,siLUC_2.Aligned.sorted.out
103011,ENST00000481299.1,569,306.0,0.0,0.0,siLUC_2.Aligned.sorted.out
103001,ENST00000619578.4,6426,7138.715999999999,12.504508,1121.563,control_scramble_3.Aligned.sorted.out
103002,ENST00000617908.4,6432,7146.73,10.568975,949.0239999999999,control_scramble_3.Aligned.sorted.out
103003,ENST00000396787.5,5293,5891.494000000001,0.118622,8.781,control_scramble_3.Aligned.sorted.out
103004,ENST00000635942.1,14550,16111.452,0.015502000000000002,3.138,control_scramble_3.Aligned.sorted.out
103005,ENST00000378495.7,6303,7030.954000000001,6.543483,578.043,control_scramble_3.Aligned.sorted.out
103006,ENST00000634487.1,5063,5708.224,0.0,0.0,control_scramble_3.Aligned.sorted.out
103007,ENST00000378496.8,5063,5710.111999999999,0.0,0.0,control_scramble_3.Aligned.sorted.out
103008,ENST00000485086.1,568,469.50800000000004,0.0,0.0,control_scramble_3.Aligned.sorted.out
103009,ENST00000637271.1,5335,5947.201999999999,0.0,0.0,control_scramble_3.Aligned.sorted.out
103010,ENST00000636694.1,8012,9343.333,0.07985199999999999,9.374,control_scramble_3.Aligned.sorted.out
103011,ENST00000481299.1,569,531.812,0.0,0.0,control_scramble_3.Aligned.sorted.out
103001,ENST00000619578.4,6426,7125.353,15.569376,1702.965,control_scramble_2.Aligned.sorted.out
103002,ENST00000617908.4,6432,7131.3240000000005,9.482655000000001,1038.0739999999998,control_scramble_2.Aligned.sorted.out
103003,ENST00000396787.5,5293,5924.847,0.076548,6.962000000000001,control_scramble_2.Aligned.sorted.out
103004,ENST00000635942.1,14550,15980.437,0.019944,4.8919999999999995,control_scramble_2.Aligned.sorted.out
103005,ENST00000378495.7,6303,7012.5869999999995,6.045661,650.804,control_scramble_2.Aligned.sorted.out
103006,ENST00000634487.1,5063,5708.028,0.0,0.0,control_scramble_2.Aligned.sorted.out
103007,ENST00000378496.8,5063,5710.238,0.0,0.0,control_scramble_2.Aligned.sorted.out
103008,ENST00000485086.1,568,397.0,0.0,0.0,control_scramble_2.Aligned.sorted.out
103009,ENST00000637271.1,5335,5923.226,0.0,0.0,control_scramble_2.Aligned.sorted.out
103010,ENST00000636694.1,8012,9267.256,0.068579,9.756,control_scramble_2.Aligned.sorted.out
103011,ENST00000481299.1,569,533.305,0.826383,6.765,control_scramble_2.Aligned.sorted.out
103001,ENST00000619578.4,6426,4609.492,0.323898,15.017999999999999,siTDP_3.Aligned.sorted.out
103002,ENST00000617908.4,6432,4624.125,0.0,0.0,siTDP_3.Aligned.sorted.out
103003,ENST00000396787.5,5293,3523.283,0.0,0.0,siTDP_3.Aligned.sorted.out
103004,ENST00000635942.1,14550,11956.068000000001,0.011041,1.328,siTDP_3.Aligned.sorted.out
103005,ENST00000378495.7,6303,4458.777,8.734271000000001,391.733,siTDP_3.Aligned.sorted.out
103006,ENST00000634487.1,5063,3522.4190000000003,0.0,0.0,siTDP_3.Aligned.sorted.out
103007,ENST00000378496.8,5063,3524.111,0.0,0.0,siTDP_3.Aligned.sorted.out
103008,ENST00000485086.1,568,241.0,0.0,0.0,siTDP_3.Aligned.sorted.out
103009,ENST00000637271.1,5335,3725.486,0.0,0.0,siTDP_3.Aligned.sorted.out
103010,ENST00000636694.1,8012,6901.61,0.05375,3.7310000000000003,siTDP_3.Aligned.sorted.out
103011,ENST00000481299.1,569,242.0,0.0,0.0,siTDP_3.Aligned.sorted.out
103001,ENST00000619578.4,6426,4741.134,0.0,0.0,siTDP_2.Aligned.sorted.out
103002,ENST00000617908.4,6432,4740.937,0.0,0.0,siTDP_2.Aligned.sorted.out
103003,ENST00000396787.5,5293,3646.697,0.0,0.0,siTDP_2.Aligned.sorted.out
103004,ENST00000635942.1,14550,13033.079,0.008368,1.305,siTDP_2.Aligned.sorted.out
103005,ENST00000378495.7,6303,4673.702,9.167361999999999,512.618,siTDP_2.Aligned.sorted.out
103006,ENST00000634487.1,5063,3671.112,0.0,0.0,siTDP_2.Aligned.sorted.out
103007,ENST00000378496.8,5063,3670.297,0.0,0.0,siTDP_2.Aligned.sorted.out
103008,ENST00000485086.1,568,211.0,2.405354,6.072,siTDP_2.Aligned.sorted.out
103009,ENST00000637271.1,5335,3868.82,0.0,0.0,siTDP_2.Aligned.sorted.out
103010,ENST00000636694.1,8012,6911.51,0.020416999999999998,1.6880000000000002,siTDP_2.Aligned.sorted.out
103011,ENST00000481299.1,569,212.0,0.0,0.0,siTDP_2.Aligned.sorted.out
103001,ENST00000619578.4,6426,7144.48,15.862754999999998,699.683,control_none_3.Aligned.sorted.out
103002,ENST00000617908.4,6432,7148.519,6.060201,267.45799999999997,control_none_3.Aligned.sorted.out
103003,ENST00000396787.5,5293,5957.446,0.166211,6.1129999999999995,control_none_3.Aligned.sorted.out
103004,ENST00000635942.1,14550,14397.0,0.0,0.0,control_none_3.Aligned.sorted.out
103005,ENST00000378495.7,6303,7034.29,4.695352,203.91099999999997,control_none_3.Aligned.sorted.out
103006,ENST00000634487.1,5063,5742.549,0.0,0.0,control_none_3.Aligned.sorted.out
103007,ENST00000378496.8,5063,5743.578,0.0,0.0,control_none_3.Aligned.sorted.out
103008,ENST00000485086.1,568,415.0,0.0,0.0,control_none_3.Aligned.sorted.out
103009,ENST00000637271.1,5335,5943.727,0.0,0.0,control_none_3.Aligned.sorted.out
103010,ENST00000636694.1,8012,9295.737,0.031969,1.835,control_none_3.Aligned.sorted.out
103011,ENST00000481299.1,569,416.0,0.0,0.0,control_none_3.Aligned.sorted.out
103001,ENST00000619578.4,6426,7218.024,9.796859,1375.265,control_scramble_1.Aligned.sorted.out
103002,ENST00000617908.4,6432,7225.47,9.414446,1322.9460000000001,control_scramble_1.Aligned.sorted.out
103003,ENST00000396787.5,5293,5987.228,0.057504,6.696000000000001,control_scramble_1.Aligned.sorted.out
103004,ENST00000635942.1,14550,15817.448999999999,0.016133,4.963,control_scramble_1.Aligned.sorted.out
103005,ENST00000378495.7,6303,7107.2119999999995,7.086107000000001,979.4639999999999,control_scramble_1.Aligned.sorted.out
103006,ENST00000634487.1,5063,5772.484,0.055416999999999994,6.221,control_scramble_1.Aligned.sorted.out
103007,ENST00000378496.8,5063,5774.441999999999,0.0,0.0,control_scramble_1.Aligned.sorted.out
103008,ENST00000485086.1,568,402.0,0.0,0.0,control_scramble_1.Aligned.sorted.out
103009,ENST00000637271.1,5335,6002.438,0.0,0.0,control_scramble_1.Aligned.sorted.out
103010,ENST00000636694.1,8012,9390.491,0.010329000000000001,1.886,control_scramble_1.Aligned.sorted.out
103011,ENST00000481299.1,569,403.0,0.0,0.0,control_scramble_1.Aligned.sorted.out
103001,ENST00000619578.4,6426,7101.828,13.970652,1036.975,control_none_2.Aligned.sorted.out
103002,ENST00000617908.4,6432,7107.193,7.590517999999999,563.8330000000001,control_none_2.Aligned.sorted.out
103003,ENST00000396787.5,5293,5884.918000000001,0.0,0.0,control_none_2.Aligned.sorted.out
103004,ENST00000635942.1,14550,14382.0,0.0,0.0,control_none_2.Aligned.sorted.out
103005,ENST00000378495.7,6303,6994.729,5.271244,385.35900000000004,control_none_2.Aligned.sorted.out
103006,ENST00000634487.1,5063,5682.478,0.0,0.0,control_none_2.Aligned.sorted.out
103007,ENST00000378496.8,5063,5682.871,0.0,0.0,control_none_2.Aligned.sorted.out
103008,ENST00000485086.1,568,400.0,0.0,0.0,control_none_2.Aligned.sorted.out
103009,ENST00000637271.1,5335,5916.065,0.0,0.0,control_none_2.Aligned.sorted.out
103010,ENST00000636694.1,8012,9267.25,0.0,0.0,control_none_2.Aligned.sorted.out
103011,ENST00000481299.1,569,529.344,0.0,0.0,control_none_2.Aligned.sorted.out
103001,ENST00000619578.4,6426,7105.1230000000005,12.017997,1136.38,control_none_1.Aligned.sorted.out
103002,ENST00000617908.4,6432,7111.68,13.612131,1288.3039999999999,control_none_1.Aligned.sorted.out
103003,ENST00000396787.5,5293,5908.0830000000005,0.772912,60.771,control_none_1.Aligned.sorted.out
103004,ENST00000635942.1,14550,14383.0,0.0,0.0,control_none_1.Aligned.sorted.out
103005,ENST00000378495.7,6303,6993.138000000001,3.5056059999999998,326.253,control_none_1.Aligned.sorted.out
103006,ENST00000634487.1,5063,5697.09,0.07724,5.856,control_none_1.Aligned.sorted.out
103007,ENST00000378496.8,5063,5700.193,0.0,0.0,control_none_1.Aligned.sorted.out
103008,ENST00000485086.1,568,401.0,0.0,0.0,control_none_1.Aligned.sorted.out
103009,ENST00000637271.1,5335,5889.206999999999,0.0,0.0,control_none_1.Aligned.sorted.out
103010,ENST00000636694.1,8012,9194.626,0.015016999999999999,1.838,control_none_1.Aligned.sorted.out
103011,ENST00000481299.1,569,402.0,0.0,0.0,control_none_1.Aligned.sorted.out
103001,ENST00000619578.4,6426,4665.465,0.0,0.0,siLUC_1.Aligned.sorted.out
103002,ENST00000617908.4,6432,4490.706,8.126566,398.16,siLUC_1.Aligned.sorted.out
103003,ENST00000396787.5,5293,3458.8459999999995,0.0,0.0,siLUC_1.Aligned.sorted.out
103004,ENST00000635942.1,14550,14096.0,0.0,0.0,siLUC_1.Aligned.sorted.out
103005,ENST00000378495.7,6303,4600.793,5.358509,268.976,siLUC_1.Aligned.sorted.out
103006,ENST00000634487.1,5063,3287.502,0.0,0.0,siLUC_1.Aligned.sorted.out
103007,ENST00000378496.8,5063,3298.05,0.0,0.0,siLUC_1.Aligned.sorted.out
103008,ENST00000485086.1,568,278.0,0.0,0.0,siLUC_1.Aligned.sorted.out
103009,ENST00000637271.1,5335,3763.367,0.0,0.0,siLUC_1.Aligned.sorted.out
103010,ENST00000636694.1,8012,6822.634,0.0,0.0,siLUC_1.Aligned.sorted.out
103011,ENST00000481299.1,569,279.0,0.50432,1.535,siLUC_1.Aligned.sorted.out
103001,ENST00000619578.4,6426,6615.795999999999,1.834916,507.718,CTR03.Aligned.sorted.out
103002,ENST00000617908.4,6432,6622.948,0.0,0.0,CTR03.Aligned.sorted.out
103003,ENST00000396787.5,5293,5473.488,0.16433299999999998,37.619,CTR03.Aligned.sorted.out
103004,ENST00000635942.1,14550,16166.256000000001,0.011599,7.8420000000000005,CTR03.Aligned.sorted.out
103005,ENST00000378495.7,6303,6492.352,15.062771,4090.074,CTR03.Aligned.sorted.out
103006,ENST00000634487.1,5063,4812.0,0.0,0.0,CTR03.Aligned.sorted.out
103007,ENST00000378496.8,5063,4812.0,0.0,0.0,CTR03.Aligned.sorted.out
103008,ENST00000485086.1,568,318.0,0.0,0.0,CTR03.Aligned.sorted.out
103009,ENST00000637271.1,5335,5437.3730000000005,0.0,0.0,CTR03.Aligned.sorted.out
103010,ENST00000636694.1,8012,8561.754,0.011426,4.091,CTR03.Aligned.sorted.out
103011,ENST00000481299.1,569,342.82,0.08872000000000001,1.272,CTR03.Aligned.sorted.out
103001,ENST00000619578.4,6426,6706.012,2.199929,680.408,TDP06.Aligned.sorted.out
103002,ENST00000617908.4,6432,6712.439,0.0,0.0,TDP06.Aligned.sorted.out
103003,ENST00000396787.5,5293,5559.7390000000005,0.191353,49.067,TDP06.Aligned.sorted.out
103004,ENST00000635942.1,14550,15848.277,0.0018739999999999998,1.37,TDP06.Aligned.sorted.out
103005,ENST00000378495.7,6303,6577.217,10.815088000000001,3280.715,TDP06.Aligned.sorted.out
103006,ENST00000634487.1,5063,5389.321999999999,0.029889,7.428999999999999,TDP06.Aligned.sorted.out
103007,ENST00000378496.8,5063,5391.366999999999,0.0,0.0,TDP06.Aligned.sorted.out
103008,ENST00000485086.1,568,311.0,0.0,0.0,TDP06.Aligned.sorted.out
103009,ENST00000637271.1,5335,5078.0,0.0,0.0,TDP06.Aligned.sorted.out
103010,ENST00000636694.1,8012,8620.871,0.004413,1.755,TDP06.Aligned.sorted.out
103011,ENST00000481299.1,569,312.0,0.0,0.0,TDP06.Aligned.sorted.out
103001,ENST00000619578.4,6426,6378.825,0.061480999999999994,9.036,CTR07.Aligned.sorted.out
103002,ENST00000617908.4,6432,6385.859,0.0,0.0,CTR07.Aligned.sorted.out
103003,ENST00000396787.5,5293,5051.0,0.0,0.0,CTR07.Aligned.sorted.out
103004,ENST00000635942.1,14550,14308.0,0.0,0.0,CTR07.Aligned.sorted.out
103005,ENST00000378495.7,6303,6268.901999999999,4.2045129999999995,607.32,CTR07.Aligned.sorted.out
103006,ENST00000634487.1,5063,4821.0,0.0,0.0,CTR07.Aligned.sorted.out
103007,ENST00000378496.8,5063,4821.0,0.0,0.0,CTR07.Aligned.sorted.out
103008,ENST00000485086.1,568,326.0,0.0,0.0,CTR07.Aligned.sorted.out
103009,ENST00000637271.1,5335,5277.684,2.743652,333.644,CTR07.Aligned.sorted.out
103010,ENST00000636694.1,8012,8273.26,0.0,0.0,CTR07.Aligned.sorted.out
103011,ENST00000481299.1,569,327.0,0.0,0.0,CTR07.Aligned.sorted.out
103001,ENST00000619578.4,6426,6551.471,0.714399,93.62100000000001,TDP11.Aligned.sorted.out
103002,ENST00000617908.4,6432,6558.495,0.0,0.0,TDP11.Aligned.sorted.out
103003,ENST00000396787.5,5293,5422.318,0.0,0.0,TDP11.Aligned.sorted.out
103004,ENST00000635942.1,14550,16002.808,0.00424,1.357,TDP11.Aligned.sorted.out
103005,ENST00000378495.7,6303,6436.227,6.616663000000001,851.8530000000001,TDP11.Aligned.sorted.out
103006,ENST00000634487.1,5063,4822.0,0.0,0.0,TDP11.Aligned.sorted.out
103007,ENST00000378496.8,5063,4822.0,0.0,0.0,TDP11.Aligned.sorted.out
103008,ENST00000485086.1,568,327.0,0.0,0.0,TDP11.Aligned.sorted.out
103009,ENST00000637271.1,5335,5387.855,1.263474,136.168,TDP11.Aligned.sorted.out
103010,ENST00000636694.1,8012,8456.246,0.0,0.0,TDP11.Aligned.sorted.out
103011,ENST00000481299.1,569,328.0,0.0,0.0,TDP11.Aligned.sorted.out
103001,ENST00000619578.4,6426,7113.039000000001,17.789787,1822.885,control_fluorescent_2.Aligned.sorted.out
103002,ENST00000617908.4,6432,7119.49,6.082221,623.799,control_fluorescent_2.Aligned.sorted.out
103003,ENST00000396787.5,5293,5878.109,0.284654,24.104,control_fluorescent_2.Aligned.sorted.out
103004,ENST00000635942.1,14550,16152.831,0.006026,1.402,control_fluorescent_2.Aligned.sorted.out
103005,ENST00000378495.7,6303,7008.437,4.03328,407.205,control_fluorescent_2.Aligned.sorted.out
103006,ENST00000634487.1,5063,5685.643,0.08581699999999999,7.029,control_fluorescent_2.Aligned.sorted.out
103007,ENST00000378496.8,5063,5686.618,0.0,0.0,control_fluorescent_2.Aligned.sorted.out
103008,ENST00000485086.1,568,396.0,0.0,0.0,control_fluorescent_2.Aligned.sorted.out
103009,ENST00000637271.1,5335,5931.4169999999995,0.0,0.0,control_fluorescent_2.Aligned.sorted.out
103010,ENST00000636694.1,8012,9278.02,0.052671,7.04,control_fluorescent_2.Aligned.sorted.out
103011,ENST00000481299.1,569,397.0,0.0,0.0,control_fluorescent_2.Aligned.sorted.out
103001,ENST00000619578.4,6426,6631.129,1.565201,249.99099999999999,CTR08.Aligned.sorted.out
103002,ENST00000617908.4,6432,6635.409000000001,0.0,0.0,CTR08.Aligned.sorted.out
103003,ENST00000396787.5,5293,5501.395,0.022529,2.985,CTR08.Aligned.sorted.out
103004,ENST00000635942.1,14550,14300.0,0.0,0.0,CTR08.Aligned.sorted.out
103005,ENST00000378495.7,6303,6517.371,8.446077,1325.85,CTR08.Aligned.sorted.out
103006,ENST00000634487.1,5063,5331.335999999999,0.0,0.0,CTR08.Aligned.sorted.out
103007,ENST00000378496.8,5063,5334.227,0.0,0.0,CTR08.Aligned.sorted.out
103008,ENST00000485086.1,568,319.0,0.0,0.0,CTR08.Aligned.sorted.out
103009,ENST00000637271.1,5335,5450.5740000000005,2.454754,322.268,CTR08.Aligned.sorted.out
103010,ENST00000636694.1,8012,8501.828000000001,0.009304,1.905,CTR08.Aligned.sorted.out
103011,ENST00000481299.1,569,320.0,0.0,0.0,CTR08.Aligned.sorted.out
103001,ENST00000619578.4,6426,6268.59,0.044430000000000004,7.8629999999999995,TDP10.Aligned.sorted.out
103002,ENST00000617908.4,6432,6272.101,0.0,0.0,TDP10.Aligned.sorted.out
103003,ENST00000396787.5,5293,5048.0,0.0,0.0,TDP10.Aligned.sorted.out
103004,ENST00000635942.1,14550,14305.0,0.0,0.0,TDP10.Aligned.sorted.out
103005,ENST00000378495.7,6303,6164.482,4.567728,794.938,TDP10.Aligned.sorted.out
103006,ENST00000634487.1,5063,4990.267,0.011265,1.587,TDP10.Aligned.sorted.out
103007,ENST00000378496.8,5063,4992.108,0.0,0.0,TDP10.Aligned.sorted.out
103008,ENST00000485086.1,568,324.0,0.0,0.0,TDP10.Aligned.sorted.out
103009,ENST00000637271.1,5335,5183.245,1.9238119999999999,281.515,TDP10.Aligned.sorted.out
103010,ENST00000636694.1,8012,8145.4169999999995,0.0,0.0,TDP10.Aligned.sorted.out
103011,ENST00000481299.1,569,338.809,0.63747,6.097,TDP10.Aligned.sorted.out
103001,ENST00000619578.4,6426,4064.0409999999997,0.0,0.0,siLUC_3.Aligned.sorted.out
103002,ENST00000617908.4,6432,4072.563,0.0,0.0,siLUC_3.Aligned.sorted.out
103003,ENST00000396787.5,5293,2874.362,3.377787,105.245,siLUC_3.Aligned.sorted.out
103004,ENST00000635942.1,14550,14124.0,0.0,0.0,siLUC_3.Aligned.sorted.out
103005,ENST00000378495.7,6303,3971.1690000000003,13.173282999999998,567.077,siLUC_3.Aligned.sorted.out
103006,ENST00000634487.1,5063,2849.448,0.0,0.0,siLUC_3.Aligned.sorted.out
103007,ENST00000378496.8,5063,2859.6209999999996,0.0,0.0,siLUC_3.Aligned.sorted.out
103008,ENST00000485086.1,568,352.79900000000004,0.0,0.0,siLUC_3.Aligned.sorted.out
103009,ENST00000637271.1,5335,3444.204,0.0,0.0,siLUC_3.Aligned.sorted.out
103010,ENST00000636694.1,8012,7586.0,0.0,0.0,siLUC_3.Aligned.sorted.out
103011,ENST00000481299.1,569,260.0,0.0,0.0,siLUC_3.Aligned.sorted.out
103001,ENST00000619578.4,6426,6378.545999999999,0.636912,124.802,CTR09.Aligned.sorted.out
103002,ENST00000617908.4,6432,6385.6630000000005,0.0,0.0,CTR09.Aligned.sorted.out
103003,ENST00000396787.5,5293,5051.0,0.0,0.0,CTR09.Aligned.sorted.out
103004,ENST00000635942.1,14550,14308.0,0.0,0.0,CTR09.Aligned.sorted.out
103005,ENST00000378495.7,6303,6266.668000000001,4.610448,887.563,CTR09.Aligned.sorted.out
103006,ENST00000634487.1,5063,5090.212,0.036981,5.7829999999999995,CTR09.Aligned.sorted.out
103007,ENST00000378496.8,5063,5091.668,0.0,0.0,CTR09.Aligned.sorted.out
103008,ENST00000485086.1,568,326.0,0.0,0.0,CTR09.Aligned.sorted.out
103009,ENST00000637271.1,5335,5275.391,1.640467,265.853,CTR09.Aligned.sorted.out
103010,ENST00000636694.1,8012,8305.355,0.0,0.0,CTR09.Aligned.sorted.out
103011,ENST00000481299.1,569,327.0,0.0,0.0,CTR09.Aligned.sorted.out
103001,ENST00000619578.4,6426,7953.244000000001,11.915693,2505.3179999999998,TDP43-E_S5
103002,ENST00000617908.4,6432,7961.607,9.631160000000001,2027.116,TDP43-E_S5
103003,ENST00000396787.5,5293,6706.471,0.024527,4.348,TDP43-E_S5
103004,ENST00000635942.1,14550,15001.228000000001,0.049792,19.746,TDP43-E_S5
103005,ENST00000378495.7,6303,7800.113,0.0,0.0,TDP43-E_S5
103006,ENST00000634487.1,5063,6466.632,1.19943,205.047,TDP43-E_S5
103007,ENST00000378496.8,5063,6473.806,0.0,0.0,TDP43-E_S5
103008,ENST00000485086.1,568,413.0,0.0,0.0,TDP43-E_S5
103009,ENST00000637271.1,5335,6401.597,0.7156100000000001,121.10600000000001,TDP43-E_S5
103010,ENST00000636694.1,8012,9894.552,0.008864,2.319,TDP43-E_S5
103011,ENST00000481299.1,569,414.0,0.0,0.0,TDP43-E_S5
103001,ENST00000619578.4,6426,8102.4,22.558432999999997,5589.352,Cont-D_S4
103002,ENST00000617908.4,6432,8109.559,18.023726999999997,4469.724,Cont-D_S4
103003,ENST00000396787.5,5293,6832.767,0.154007,32.179,Cont-D_S4
103004,ENST00000635942.1,14550,14795.303,0.026786,12.119000000000002,Cont-D_S4
103005,ENST00000378495.7,6303,7958.633000000001,3.417567,831.753,Cont-D_S4
103006,ENST00000634487.1,5063,6597.59,0.20193,40.74,Cont-D_S4
103007,ENST00000378496.8,5063,6603.719,0.0,0.0,Cont-D_S4
103008,ENST00000485086.1,568,408.0,0.0,0.0,Cont-D_S4
103009,ENST00000637271.1,5335,6562.915,0.0,0.0,Cont-D_S4
103010,ENST00000636694.1,8012,10123.659,0.159206,49.287,Cont-D_S4
103011,ENST00000481299.1,569,600.189,0.10048,1.844,Cont-D_S4
103001,ENST00000619578.4,6426,8189.1630000000005,23.878456,4667.29,Cont-C_S3
103002,ENST00000617908.4,6432,8195.56,15.980757,3126.0440000000003,Cont-C_S3
103003,ENST00000396787.5,5293,6949.72,0.324443,53.818000000000005,Cont-C_S3
103004,ENST00000635942.1,14550,14733.963,0.010621,3.735,Cont-C_S3
103005,ENST00000378495.7,6303,8039.896,2.2660259999999997,434.845,Cont-C_S3
103006,ENST00000634487.1,5063,6696.829000000001,0.372811,59.591,Cont-C_S3
103007,ENST00000378496.8,5063,6704.624,0.0,0.0,Cont-C_S3
103008,ENST00000485086.1,568,412.0,0.0,0.0,Cont-C_S3
103009,ENST00000637271.1,5335,6595.335,0.0,0.0,Cont-C_S3
103010,ENST00000636694.1,8012,10139.994,0.130889,31.678,Cont-C_S3
103011,ENST00000481299.1,569,413.0,0.0,0.0,Cont-C_S3
103001,ENST00000619578.4,6426,6729.861,2.078904,605.519,CTR02.Aligned.sorted.out
103002,ENST00000617908.4,6432,6736.465,0.07826,22.816999999999997,CTR02.Aligned.sorted.out
103003,ENST00000396787.5,5293,5578.701999999999,0.06640700000000001,16.034000000000002,CTR02.Aligned.sorted.out
103004,ENST00000635942.1,14550,16231.114,0.001936,1.36,CTR02.Aligned.sorted.out
103005,ENST00000378495.7,6303,6607.126,12.048525999999999,3445.3540000000003,CTR02.Aligned.sorted.out
103006,ENST00000634487.1,5063,4809.0,0.0,0.0,CTR02.Aligned.sorted.out
103007,ENST00000378496.8,5063,4809.0,0.0,0.0,CTR02.Aligned.sorted.out
103008,ENST00000485086.1,568,315.0,0.0,0.0,CTR02.Aligned.sorted.out
103009,ENST00000637271.1,5335,5524.356,0.0,0.0,CTR02.Aligned.sorted.out
103010,ENST00000636694.1,8012,8692.311,0.011361,4.274,CTR02.Aligned.sorted.out
103011,ENST00000481299.1,569,345.55800000000005,0.300938,4.501,CTR02.Aligned.sorted.out
103001,ENST00000619578.4,6426,8216.339,13.519993,3076.37,TDP43-G_S7
103002,ENST00000617908.4,6432,8223.633,10.192453,2321.2729999999997,TDP43-G_S7
103003,ENST00000396787.5,5293,6965.32,0.0,0.0,TDP43-G_S7
103004,ENST00000635942.1,14550,14864.684,0.019495,8.025,TDP43-G_S7
103005,ENST00000378495.7,6303,8065.826999999999,1.729439,386.31199999999995,TDP43-G_S7
103006,ENST00000634487.1,5063,6714.126,1.661317,308.906,TDP43-G_S7
103007,ENST00000378496.8,5063,6722.568,0.0,0.0,TDP43-G_S7
103008,ENST00000485086.1,568,518.75,0.0,0.0,TDP43-G_S7
103009,ENST00000637271.1,5335,6606.847,0.0,0.0,TDP43-G_S7
103010,ENST00000636694.1,8012,10183.196,0.078448,22.123,TDP43-G_S7
103011,ENST00000481299.1,569,633.566,0.455384,7.99,TDP43-G_S7
103001,ENST00000619578.4,6426,8163.1759999999995,11.107753,2725.882,TDP43-F_S6
103002,ENST00000617908.4,6432,8170.053000000001,13.202046,3242.559,TDP43-F_S6
103003,ENST00000396787.5,5293,5136.0,0.0,0.0,TDP43-F_S6
103004,ENST00000635942.1,14550,14393.0,0.0,0.0,TDP43-F_S6
103005,ENST00000378495.7,6303,8014.715999999999,0.722653,174.11599999999999,TDP43-F_S6
103006,ENST00000634487.1,5063,6653.168000000001,1.245479,249.107,TDP43-F_S6
103007,ENST00000378496.8,5063,6659.545999999999,0.0,0.0,TDP43-F_S6
103008,ENST00000485086.1,568,411.0,0.0,0.0,TDP43-F_S6
103009,ENST00000637271.1,5335,6602.3640000000005,0.349137,69.297,TDP43-F_S6
103010,ENST00000636694.1,8012,10173.351999999999,0.209387,64.038,TDP43-F_S6
103011,ENST00000481299.1,569,412.0,0.0,0.0,TDP43-F_S6
103001,ENST00000619578.4,6426,6677.024,1.433916,435.371,TDP04.Aligned.sorted.out
103002,ENST00000617908.4,6432,6683.985,0.0,0.0,TDP04.Aligned.sorted.out
103003,ENST00000396787.5,5293,5519.766,0.177536,44.56100000000001,TDP04.Aligned.sorted.out
103004,ENST00000635942.1,14550,16116.156,0.004082,2.992,TDP04.Aligned.sorted.out
103005,ENST00000378495.7,6303,6552.076999999999,10.126199,3017.0209999999997,TDP04.Aligned.sorted.out
103006,ENST00000634487.1,5063,5356.465999999999,0.027223,6.631,TDP04.Aligned.sorted.out
103007,ENST00000378496.8,5063,5358.251,0.0,0.0,TDP04.Aligned.sorted.out
103008,ENST00000485086.1,568,315.0,0.0,0.0,TDP04.Aligned.sorted.out
103009,ENST00000637271.1,5335,5472.672,0.0,0.0,TDP04.Aligned.sorted.out
103010,ENST00000636694.1,8012,8626.863000000001,0.023714,9.302999999999999,TDP04.Aligned.sorted.out
103011,ENST00000481299.1,569,346.819,0.08541,1.347,TDP04.Aligned.sorted.out
